"Date","Action","Symbol","Description","Quantity","Price","Fees & Comm","Amount"
"01/09/2026","Reinvest Shares","MO","ALTRIA GROUP INC","0.2482","$57.2961","","-$14.22"
"01/09/2026","NRA Tax Adj","MO","ALTRIA GROUP INC","","","","-$6.10"
"01/09/2026","Qual Div Reinvest","MO","ALTRIA GROUP INC","","","","$20.32"
"01/08/2026","Foreign Tax Paid","TSM","TAIWAN SEMICONDUCTOR M FSPONSORED ADR 1 ADR REPS 5 ORD SHS","","","","-$3.17"
"01/08/2026","Qualified Dividend","TSM","TAIWAN SEMICONDUCTOR M FSPONSORED ADR 1 ADR REPS 5 ORD SHS","","","","$15.11"
"01/08/2026","Buy to Open","MU 09/18/2026 350.00 C","CALL MICRON TECHNOLOGY I$350 EXP 09/18/26","1","$70.00","$0.66","-$7000.66"
"01/06/2026","Reinvest Shares","BBY","BEST BUY INC","0.0392","$69.9601","","-$2.74"
"01/06/2026","NRA Tax Adj","BBY","BEST BUY INC","","","","-$1.18"
"01/06/2026","Qual Div Reinvest","BBY","BEST BUY INC","","","","$3.92"
"01/05/2026","Reinvest Shares","WMT","WALMART INC","0.0089","$112.3484","","-$1.00"
"01/05/2026","Reinvest Shares","KMB","KIMBERLY CLARK CORP","0.0667","$99.1456","","-$6.61"
"01/05/2026","NRA Tax Adj","WMT","WALMART INC","","","","-$0.43"
"01/05/2026","Qual Div Reinvest","WMT","WALMART INC","","","","$1.43"
"01/05/2026","NRA Tax Adj","KMB","KIMBERLY CLARK CORP","","","","-$2.83"
"01/05/2026","Qual Div Reinvest","KMB","KIMBERLY CLARK CORP","","","","$9.44"
"01/02/2026","Reinvest Shares","NKE","NIKE INC CLASS B","0.0282","$63.1143","","-$1.78"
"01/02/2026","NRA Tax Adj","NKE","NIKE INC CLASS B","","","","-$0.76"
"01/02/2026","Qual Div Reinvest","NKE","NIKE INC CLASS B","","","","$2.54"
"12/30/2025","NRA Tax Adj","","SCHWAB1 INT 11/26-12/29","","","","-$0.04"
"12/30/2025","Credit Interest","","SCHWAB1 INT 11/26-12/29","","","","$0.15"
"12/30/2025","Reinvest Shares","TROW","PRICE T ROWE GROUP INC","0.0825","$103.9417","","-$8.58"
"12/30/2025","NRA Tax Adj","TROW","PRICE T ROWE GROUP INC","","","","-$3.68"
"12/30/2025","Qual Div Reinvest","TROW","PRICE T ROWE GROUP INC","","","","$12.26"
"12/26/2025","Reinvest Shares","NVDA","NVIDIA CORP","0.0037","$191.281","","-$0.71"
"12/26/2025","Qual Div Reinvest","NVDA","NVIDIA CORP","","","","$1.01"
"12/26/2025","NRA Tax Adj","NVDA","NVIDIA CORP","","","","-$0.30"
"12/24/2025","Reinvest Shares","VOO","VANGUARD S&P ...500 ETF","0.008","$634.9299","","-$5.07"
"12/24/2025","NRA Tax Adj","VOO","VANGUARD S&P ...500 ETF","","","","-$2.17"
"12/24/2025","Reinvest Dividend","VOO","VANGUARD S&P ...500 ETF","","","","$7.24"
"12/15/2025","Reinvest Shares","O","REALTY INCOME CORP REIT","0.3725","$57.9048","","-$21.57"
"12/15/2025","Reinvest Shares","GOOG","ALPHABET INC CLASS CLASS C","0.0009","$309.0497","","-$0.29"
"12/15/2025","Non-Qualified Div","O","REALTY INCOME CORP REIT","","","","$30.81"
"12/15/2025","NRA Tax Adj","O","REALTY INCOME CORP REIT","","","","-$9.24"
"12/15/2025","NRA Tax Adj","GOOG","ALPHABET INC CLASS CLASS C","","","","-$0.13"
"12/15/2025","Qual Div Reinvest","GOOG","ALPHABET INC CLASS CLASS C","","","","$0.42"
"12/12/2025","Reinvest Shares","MMM","3M CO","0.0485","$169.2975","","-$8.21"
"12/12/2025","NRA Tax Adj","MMM","3M CO","","","","-$3.52"
"12/12/2025","Qual Div Reinvest","MMM","3M CO","","","","$11.73"
"12/09/2025","Reinvest Shares","JNJ","JOHNSON & JOHNSON","0.0092","$204.4917","","-$1.89"
"12/09/2025","NRA Tax Adj","JNJ","JOHNSON & JOHNSON","","","","-$0.81"
"12/09/2025","Qual Div Reinvest","JNJ","JOHNSON & JOHNSON","","","","$2.70"
"12/03/2025","Reverse Split","MSTU","T-REX 2X LONG MSTR DAILYTARGET ETF","16","","",""
"12/03/2025","Reverse Split","26923N462","T REX 2X LONG MSTR DAXXXREVERSE SPLIT EFF: 12/03/25","-160","","",""
"11/26/2025","NRA Tax Adj","","SCHWAB1 INT 10/30-11/25","","","","-$0.22"
"11/26/2025","Credit Interest","","SCHWAB1 INT 10/30-11/25","","","","$0.76"
"11/25/2025","Full Redemption Adj","912797RQ2","US TREASURY BILXXX**MATURED**","","","","$7000.00"
"11/25/2025","Full Redemption","912797RQ2","US TREASURY BILXXX**MATURED**","-7,000","","",""
"11/24/2025 as of 11/21/2025","Assigned","NVDA 11/21/2025 190.00 P","PUT NVIDIA CORP $190 EXP 11/21/25","1","","",""
"11/24/2025 as of 11/21/2025","Buy","NVDA","NVIDIA CORP","100","$190.00","","-$19000.00"
"11/17/2025 as of 11/14/2025","Reinvest Shares","O","REALTY INCOME CORP REIT","0.3793","$56.6774","","-$21.50"
"11/17/2025 as of 11/14/2025","Reinvest Shares","ABBV","ABBVIE INC","0.0632","$232.1131","","-$14.66"
"11/17/2025 as of 11/14/2025","Reinvestment Adj","O","REALTY INCOME CORP REIT","0.3799","$56.595","","$21.50"
"11/17/2025 as of 11/14/2025","Reinvestment Adj","ABBV","ABBVIE INC","0.0635","$231.00","","$14.66"
"11/17/2025","Reinvest Shares","HRL","HORMEL FOODS CORP","0.9446","$22.3475","","-$21.11"
"11/17/2025","NRA Tax Adj","HRL","HORMEL FOODS CORP","","","","-$9.05"
"11/17/2025","Qual Div Reinvest","HRL","HORMEL FOODS CORP","","","","$30.16"
"11/14/2025","Reinvest Shares","O","REALTY INCOME CORP REIT","0.3799","$56.595","","-$21.50"
"11/14/2025","Reinvest Shares","ABBV","ABBVIE INC","0.0635","$231.00","","-$14.66"
"11/14/2025","Reinvest Shares","CL","COLGATE PALMOLIVE CO","0.01","$78.25","","-$0.78"
"11/14/2025","NRA Tax Adj","ABBV","ABBVIE INC","","","","-$6.28"
"11/14/2025","Qual Div Reinvest","ABBV","ABBVIE INC","","","","$20.94"
"11/14/2025","Non-Qualified Div","O","REALTY INCOME CORP REIT","","","","$30.71"
"11/14/2025","NRA Tax Adj","O","REALTY INCOME CORP REIT","","","","-$9.21"
"11/14/2025","NRA Tax Adj","CL","COLGATE PALMOLIVE CO","","","","-$0.33"
"11/14/2025","Qual Div Reinvest","CL","COLGATE PALMOLIVE CO","","","","$1.11"
"11/13/2025","Reinvest Shares","AAPL","APPLE INC","0.0007","$273.065","","-$0.18"
"11/13/2025","Qual Div Reinvest","AAPL","APPLE INC","","","","$0.26"
"11/13/2025","NRA Tax Adj","AAPL","APPLE INC","","","","-$0.08"
"11/07/2025","Buy","NVDA","NVIDIA CORP","1","$180.00","","-$180.00"
"11/06/2025","Reinvest Shares","CLX","CLOROX CO","0.0857","$107.9948","","-$9.25"
"11/06/2025","NRA Tax Adj","CLX","CLOROX CO","","","","-$3.96"
"11/06/2025","Qual Div Reinvest","CLX","CLOROX CO","","","","$13.21"
"10/30/2025","NRA Tax Adj","","SCHWAB1 INT 09/29-10/29","","","","-$0.19"
"10/30/2025","Credit Interest","","SCHWAB1 INT 09/29-10/29","","","","$0.66"
"10/28/2025","Buy","912797RQ2","US TREASURY BILL25U S T BILL DUE 11/25/25","7,000","$99.7067","","-$6979.47"
"10/28/2025","Sell to Open","NVDA 11/21/2025 190.00 P","PUT NVIDIA CORP $190 EXP 11/21/25","1","$8.60","$0.66","$859.34"
"10/28/2025","Full Redemption Adj","912797RE9","US TREASURY BILXXX**MATURED**","","","","$8000.00"
"10/28/2025","Full Redemption","912797RE9","US TREASURY BILXXX**MATURED**","-8,000","","",""
"10/23/2025","Journal","","JOURNAL TO ...024","","","","-$15000.00"
"10/23/2025","Full Redemption Adj","912797QG5","US TREASURY BILXXX**MATURED**","","","","$15000.00"
"10/23/2025","Full Redemption","912797QG5","US TREASURY BILXXX**MATURED**","-15,000","","",""
"10/23/2025 as of 10/20/2025","NRA Tax Adj","PM","PHILIP MORRIS INTL INC","","","","-$0.44"
"10/23/2025 as of 10/20/2025","NRA Withhold","PM","PHILIP MORRIS INTL INC","","","","$4.84"
"10/20/2025","Reinvest Shares","PM","PHILIP MORRIS INTL INC","0.0714","$157.9659","","-$11.28"
"10/20/2025","NRA Tax Adj","PM","PHILIP MORRIS INTL INC","","","","-$4.84"
"10/20/2025","Qual Div Reinvest","PM","PHILIP MORRIS INTL INC","","","","$16.12"
"10/20/2025 as of 10/17/2025","Expired","PLTR 10/17/2025 170.00 P","PUT PALANTIR TECHNOLOGIE$170 EXP 10/17/25","1","","",""
"10/15/2025","Reinvest Shares","O","REALTY INCOME CORP REIT","0.3625","$59.1167","","-$21.43"
"10/15/2025","Non-Qualified Div","O","REALTY INCOME CORP REIT","","","","$30.61"
"10/15/2025","NRA Tax Adj","O","REALTY INCOME CORP REIT","","","","-$9.18"
"10/10/2025","Reinvest Shares","MO","ALTRIA GROUP INC","0.2109","$66.657","","-$14.06"
"10/10/2025","NRA Tax Adj","MO","ALTRIA GROUP INC","","","","-$6.03"
"10/10/2025","Qual Div Reinvest","MO","ALTRIA GROUP INC","","","","$20.09"
"10/09/2025","Foreign Tax Paid","TSM","TAIWAN SEMICONDUCTOR M FSPONSORED ADR 1 ADR REPS 5 ORD SHS","","","","-$3.28"
"10/09/2025","Qualified Dividend","TSM","TAIWAN SEMICONDUCTOR M FSPONSORED ADR 1 ADR REPS 5 ORD SHS","","","","$15.62"
"10/09/2025","Reinvest Shares","BBY","BEST BUY INC","0.0362","$75.1699","","-$2.72"
"10/09/2025","NRA Tax Adj","BBY","BEST BUY INC","","","","-$1.17"
"10/09/2025","Qual Div Reinvest","BBY","BEST BUY INC","","","","$3.89"
"10/07/2025","Cash In Lieu","GGR","GOGORO INC. F","","","","$4.10"
"10/06/2025","Reverse Split","G9491K105","GOGORO INC. XXXREVERSE SPLIT EFF: 10/06/25","-14","","",""
"10/02/2025","Reinvest Shares","KMB","KIMBERLY CLARK CORP","0.0535","$122.7302","","-$6.56"
"10/02/2025","NRA Tax Adj","KMB","KIMBERLY CLARK CORP","","","","-$2.81"
"10/02/2025","Qual Div Reinvest","KMB","KIMBERLY CLARK CORP","","","","$9.37"
"10/01/2025","Reinvest Shares","VOO","VANGUARD S&P ...500 ETF","0.0081","$611.0198","","-$4.97"
"10/01/2025","Reinvest Shares","NKE","NIKE INC CLASS CLASS B","0.0241","$71.8881","","-$1.73"
"10/01/2025","NRA Tax Adj","NKE","NIKE INC CLASS CLASS B","","","","-$0.74"
"10/01/2025","Qual Div Reinvest","NKE","NIKE INC CLASS CLASS B","","","","$2.47"
"10/01/2025","Reinvest Dividend","VOO","VANGUARD S&P ...500 ETF","","","","$7.10"
"10/01/2025","NRA Tax Adj","VOO","VANGUARD S&P ...500 ETF","","","","-$2.13"
"09/30/2025","Buy","912797RE9","US TREASURY BILL25U S T BILL DUE 10/28/25","8,000","$99.6975","","-$7975.80"
"09/29/2025","NRA Tax Adj","","SCHWAB1 INT 08/28-09/28","","","","-$0.28"
"09/29/2025","Credit Interest","","SCHWAB1 INT 08/28-09/28","","","","$0.96"
"09/29/2025","Reinvest Shares","TROW","PRICE T ROWE GROUP INC","0.0825","$103.0709","","-$8.50"
"09/29/2025","NRA Tax Adj","TROW","PRICE T ROWE GROUP INC","","","","-$3.65"
"09/29/2025","Qual Div Reinvest","TROW","PRICE T ROWE GROUP INC","","","","$12.15"
"09/25/2025","Sell to Open","PLTR 10/17/2025 170.00 P","PUT PALANTIR TECHNOLOGIE$170 EXP 10/17/25","1","$6.80","$0.66","$679.34"
"09/22/2025 as of 09/19/2025","Expired","PLTR 09/19/2025 160.00 P","PUT PALANTIR TECHNOLOGIE$160 EXP 09/19/25","1","","",""
"09/15/2025","Reinvest Shares","O","REALTY INCOME CORP REIT","0.3521","$60.5534","","-$21.32"
"09/15/2025","NRA Tax Adj","GOOG","ALPHABET INC CLASS C","","","","-$0.06"
"09/15/2025","Qualified Dividend","GOOG","ALPHABET INC CLASS C","","","","$0.21"
"09/15/2025","Non-Qualified Div","O","REALTY INCOME CORP REIT","","","","$30.46"
"09/15/2025","NRA Tax Adj","O","REALTY INCOME CORP REIT","","","","-$9.14"
"09/12/2025","Reinvest Shares","MMM","3M CO","0.0512","$159.8287","","-$8.18"
"09/12/2025","Buy","GOOG","ALPHABET INC CLASS C","1","$241.00","","-$241.00"
"09/12/2025","NRA Tax Adj","MMM","3M CO","","","","-$3.51"
"09/12/2025","Qual Div Reinvest","MMM","3M CO","","","","$11.69"
"09/10/2025","ADR Mgmt Fee","ARM","ARM HLDGS PLC EQUITY A FUNSPONSORED ADR 1 ADR REPS 1 ORD SHS","","","","-$0.02"
"09/09/2025","Reinvest Shares","JNJ","JOHNSON & JOHNSON","0.0106","$177.0938","","-$1.88"
"09/09/2025","NRA Tax Adj","JNJ","JOHNSON & JOHNSON","","","","-$0.81"
"09/09/2025","Qual Div Reinvest","JNJ","JOHNSON & JOHNSON","","","","$2.69"
"09/02/2025","Reinvest Shares","WMT","WALMART INC","0.0102","$97.6023","","-$1.00"
"09/02/2025","NRA Tax Adj","WMT","WALMART INC","","","","-$0.43"
"09/02/2025","Qual Div Reinvest","WMT","WALMART INC","","","","$1.43"
"08/29/2025","Reinvest Shares","CLX","CLOROX CO","0.0771","$119.0073","","-$9.18"
"08/29/2025","NRA Tax Adj","CLX","CLOROX CO","","","","-$3.93"
"08/29/2025","Qual Div Reinvest","CLX","CLOROX CO","","","","$13.11"
"08/28/2025","NRA Tax Adj","","SCHWAB1 INT 07/30-08/27","","","","-$0.26"
"08/28/2025","Credit Interest","","SCHWAB1 INT 07/30-08/27","","","","$0.87"
"08/19/2025","Sell to Open","PLTR 09/19/2025 160.00 P","PUT PALANTIR TECHNOLOGIE$160 EXP 09/19/25","1","$9.60","$0.66","$959.34"
"08/18/2025 as of 08/15/2025","Expired","PLTR 08/15/2025 145.00 P","PUT PALANTIR TECHNOLOGIE$145 EXP 08/15/25","1","","",""
"08/15/2025","Reinvest Shares","O","REALTY INCOME CORP REIT","0.3651","$58.2019","","-$21.25"
"08/15/2025","Reinvest Shares","ABBV","ABBVIE INC","0.071","$205.451","","-$14.58"
"08/15/2025","Reinvest Shares","HRL","HORMEL FOODS CORP","0.7364","$28.4626","","-$20.96"
"08/15/2025","Reinvest Shares","CL","COLGATE PALMOLIVE CO","0.0092","$84.9399","","-$0.78"
"08/15/2025","NRA Tax Adj","HRL","HORMEL FOODS CORP","","","","-$8.99"
"08/15/2025","Qual Div Reinvest","HRL","HORMEL FOODS CORP","","","","$29.95"
"08/15/2025","Non-Qualified Div","O","REALTY INCOME CORP REIT","","","","$30.36"
"08/15/2025","NRA Tax Adj","O","REALTY INCOME CORP REIT","","","","-$9.11"
"08/15/2025","NRA Tax Adj","ABBV","ABBVIE INC","","","","-$6.25"
"08/15/2025","Qual Div Reinvest","ABBV","ABBVIE INC","","","","$20.83"
"08/15/2025","NRA Tax Adj","CL","COLGATE PALMOLIVE CO","","","","-$0.33"
"08/15/2025","Qual Div Reinvest","CL","COLGATE PALMOLIVE CO","","","","$1.11"
"08/14/2025","Reinvest Shares","AAPL","APPLE INC","0.0008","$231.454","","-$0.18"
"08/14/2025","NRA Tax Adj","AAPL","APPLE INC","","","","-$0.08"
"08/14/2025","Qual Div Reinvest","AAPL","APPLE INC","","","","$0.26"
"07/30/2025","NRA Tax Adj","","SCHWAB1 INT 06/27-07/29","","","","-$0.30"
"07/30/2025","Credit Interest","","SCHWAB1 INT 06/27-07/29","","","","$1.01"
"07/28/2025","Buy","GOOG","ALPHABET INC CLASS C","1","$193.9489","","-$193.95"
"07/24/2025","Journal","","JOURNAL FRM ...024","","","","$14840.00"
"07/24/2025","Buy","912797QG5","US TREASURY BILL25U S T BILL DUE 10/23/25","15,000","$98.9399","","-$14840.99"
"07/18/2025","Sell to Open","PLTR 08/15/2025 145.00 P","PUT PALANTIR TECHNOLOGIE$145 EXP 08/15/25","1","$7.59","$0.66","$758.34"
"07/18/2025","Buy to Close","PLTR 07/18/2025 130.00 P","PUT PALANTIR TECHNOLOGIE$130 EXP 07/18/25","1","$0.02","$0.01","-$2.01"
"07/18/2025 as of 07/15/2025","NRA Tax Adj","PM","PHILIP MORRIS INTL INC","","","","-$0.39"
"07/18/2025 as of 07/15/2025","NRA Withhold","PM","PHILIP MORRIS INTL INC","","","","$4.42"
"07/16/2025","Buy to Open","SOFI 12/17/2027 20.00 C","CALL SOFI TECHNOLOGIES I$20 EXP 12/17/27","1","$8.60","$0.66","-$860.66"
"07/15/2025","Reinvest Shares","O","REALTY INCOME CORP REIT","0.3659","$57.8896","","-$21.18"
"07/15/2025","Reinvest Shares","PM","PHILIP MORRIS INTL INC","0.0571","$180.5762","","-$10.31"
"07/15/2025","NRA Tax Adj","PM","PHILIP MORRIS INTL INC","","","","-$4.42"
"07/15/2025","Qual Div Reinvest","PM","PHILIP MORRIS INTL INC","","","","$14.73"
"07/15/2025","Non-Qualified Div","O","REALTY INCOME CORP REIT","","","","$30.26"
"07/15/2025","NRA Tax Adj","O","REALTY INCOME CORP REIT","","","","-$9.08"
"07/10/2025","Foreign Tax Paid","TSM","TAIWAN SEMICONDUCTOR M FSPONSORED ADR 1 ADR REPS 5 ORD SHS","","","","-$3.11"
"07/10/2025","Qualified Dividend","TSM","TAIWAN SEMICONDUCTOR M FSPONSORED ADR 1 ADR REPS 5 ORD SHS","","","","$14.83"
"07/10/2025","Reinvest Shares","MO","ALTRIA GROUP INC","0.2297","$58.2051","","-$13.37"
"07/10/2025","Sell to Open","HRL 01/16/2026 33.00 C","CALL HORMEL FOODS CORP $33 EXP 01/16/26","1","$1.27","$0.66","$126.34"
"07/10/2025","Reinvest Shares","BBY","BEST BUY INC","0.0367","$73.6188","","-$2.70"
"07/10/2025","NRA Tax Adj","BBY","BEST BUY INC","","","","-$1.16"
"07/10/2025","Qual Div Reinvest","BBY","BEST BUY INC","","","","$3.86"
"07/10/2025","NRA Tax Adj","MO","ALTRIA GROUP INC","","","","-$5.73"
"07/10/2025","Qual Div Reinvest","MO","ALTRIA GROUP INC","","","","$19.10"
"07/03/2025","Journal","","JOURNAL TO ...024","","","","-$12116.00"
"07/03/2025","Wire Received","","WIRED FUNDS RECEIVED","","","","$12116.00"
"07/02/2025","Reinvest Shares","KMB","KIMBERLY CLARK CORP","0.0496","$131.5816","","-$6.52"
"07/02/2025","Reinvest Shares","VOO","VANGUARD S&P ...500 ETF","0.0087","$568.1397","","-$4.97"
"07/02/2025","Reinvest Dividend","VOO","VANGUARD S&P ...500 ETF","","","","$7.10"
"07/02/2025","NRA Tax Adj","VOO","VANGUARD S&P ...500 ETF","","","","-$2.13"
"07/02/2025","NRA Tax Adj","KMB","KIMBERLY CLARK CORP","","","","-$2.79"
"07/02/2025","Qual Div Reinvest","KMB","KIMBERLY CLARK CORP","","","","$9.31"
"07/01/2025","Reinvest Shares","NKE","NIKE INC CLASS B","0.0233","$73.7189","","-$1.72"
"07/01/2025","NRA Tax Adj","NKE","NIKE INC CLASS B","","","","-$0.74"
"07/01/2025","Qual Div Reinvest","NKE","NIKE INC CLASS B","","","","$2.46"
"06/27/2025","NRA Tax Adj","","SCHWAB1 INT 05/29-06/26","","","","-$0.26"
"06/27/2025","Credit Interest","","SCHWAB1 INT 05/29-06/26","","","","$0.87"
"06/27/2025","Reinvest Shares","TROW","PRICE T ROWE GROUP INC","0.0874","$96.4612","","-$8.43"
"06/27/2025","NRA Tax Adj","TROW","PRICE T ROWE GROUP INC","","","","-$3.61"
"06/27/2025","Qual Div Reinvest","TROW","PRICE T ROWE GROUP INC","","","","$12.04"
"06/23/2025 as of 06/20/2025","Expired","HRL 06/20/2025 32.00 C","CALL HORMEL FOODS CORP $32 EXP 06/20/25","1","","",""
"06/20/2025","Buy to Close","PLTR 06/20/2025 115.00 P","PUT PALANTIR TECHNOLOGIE$115 EXP 06/20/25","1","$0.01","$0.01","-$1.01"
"06/20/2025","Sell to Open","PLTR 07/18/2025 130.00 P","PUT PALANTIR TECHNOLOGIE$130 EXP 07/18/25","1","$4.43","$0.66","$442.34"
"06/20/2025","Buy to Close","NVDA 06/20/2025 120.00 P","PUT NVIDIA CORP $120 EXP 06/20/25","1","$0.01","$0.01","-$1.01"
"06/13/2025","Reinvest Shares","O","REALTY INCOME CORP REIT","0.3647","$57.8032","","-$21.08"
"06/13/2025","Non-Qualified Div","O","REALTY INCOME CORP REIT","","","","$30.11"
"06/13/2025","NRA Tax Adj","O","REALTY INCOME CORP REIT","","","","-$9.03"
"06/12/2025","Reinvest Shares","MMM","3M CO","0.056","$145.5833","","-$8.15"
"06/12/2025","Journal","","JOURNAL TO ...024","","","","-$16800.00"
"06/12/2025","Wire Received","","WIRED FUNDS RECEIVED","","","","$16800.00"
"06/12/2025","NRA Tax Adj","MMM","3M CO","","","","-$3.50"
"06/12/2025","Qual Div Reinvest","MMM","3M CO","","","","$11.65"
"06/11/2025","Journal","","JOURNAL TO ...024","","","","-$7000.00"
"06/11/2025","Wire Received","","WIRED FUNDS RECEIVED","","","","$7000.00"
"06/10/2025","Reinvest Shares","JNJ","JOHNSON & JOHNSON","0.012","$156.2758","","-$1.87"
"06/10/2025","NRA Tax Adj","JNJ","JOHNSON & JOHNSON","","","","-$0.80"
"06/10/2025","Qual Div Reinvest","JNJ","JOHNSON & JOHNSON","","","","$2.67"
"05/29/2025","NRA Tax Adj","","SCHWAB1 INT 04/29-05/28","","","","-$0.15"
"05/29/2025","Credit Interest","","SCHWAB1 INT 04/29-05/28","","","","$0.50"
"05/27/2025","Reinvest Shares","WMT","WALMART INC","0.0102","$97.5643","","-$1.00"
"05/27/2025","NRA Tax Adj","WMT","WALMART INC","","","","-$0.43"
"05/27/2025","Qual Div Reinvest","WMT","WALMART INC","","","","$1.43"
"05/20/2025","Sell to Open","NVDA 06/20/2025 120.00 P","PUT NVIDIA CORP $120 EXP 06/20/25","1","$2.60","$0.66","$259.34"
"05/19/2025","Sell to Open","PLTR 06/20/2025 115.00 P","PUT PALANTIR TECHNOLOGIE$115 EXP 06/20/25","1","$4.20","$0.66","$419.34"
"05/19/2025 as of 05/16/2025","Assigned","NVDA 05/16/2025 125.00 C","CALL NVIDIA CORP $125 EXP 05/16/25","1","","",""
"05/19/2025 as of 05/16/2025","Sell","NVDA","NVIDIA CORP","100","$125.00","$0.02","$12499.98"
"05/15/2025","Reinvest Shares","O","REALTY INCOME CORP REIT","0.3814","$55.0802","","-$21.01"
"05/15/2025","Reinvest Shares","AAPL","APPLE INC","0.0009","$211.0489","","-$0.18"
"05/15/2025","Reinvest Shares","ABBV","ABBVIE INC","0.0814","$177.8629","","-$14.48"
"05/15/2025","Reinvest Shares","CL","COLGATE PALMOLIVE CO","0.0088","$88.5482","","-$0.78"
"05/15/2025","Reinvest Shares","HRL","HORMEL FOODS CORP","0.7036","$29.591","","-$20.82"
"05/15/2025","Non-Qualified Div","O","REALTY INCOME CORP REIT","","","","$30.01"
"05/15/2025","NRA Tax Adj","O","REALTY INCOME CORP REIT","","","","-$9.00"
"05/15/2025","NRA Tax Adj","HRL","HORMEL FOODS CORP","","","","-$8.93"
"05/15/2025","Qual Div Reinvest","HRL","HORMEL FOODS CORP","","","","$29.75"
"05/15/2025","NRA Tax Adj","AAPL","APPLE INC","","","","-$0.08"
"05/15/2025","Qual Div Reinvest","AAPL","APPLE INC","","","","$0.26"
"05/15/2025","NRA Tax Adj","CL","COLGATE PALMOLIVE CO","","","","-$0.33"
"05/15/2025","Qual Div Reinvest","CL","COLGATE PALMOLIVE CO","","","","$1.11"
"05/15/2025","NRA Tax Adj","ABBV","ABBVIE INC","","","","-$6.21"
"05/15/2025","Qual Div Reinvest","ABBV","ABBVIE INC","","","","$20.69"
"05/09/2025","Reinvest Shares","CLX","CLOROX CO","0.0652","$137.5623","","-$8.97"
"05/09/2025","NRA Tax Adj","CLX","CLOROX CO","","","","-$3.85"
"05/09/2025","Qual Div Reinvest","CLX","CLOROX CO","","","","$12.82"
"05/07/2025","Buy to Close","PLTR 05/16/2025 92.50 P","PUT PALANTIR TECHNOLOGIE$92.5 EXP 05/16/25","1","$0.50","$0.66","-$50.66"
"04/30/2025","Reinvest Shares","MO","ALTRIA GROUP INC","0.223","$59.2452","","-$13.21"
"04/30/2025","NRA Tax Adj","MO","ALTRIA GROUP INC","","","","-$5.66"
"04/30/2025","Qual Div Reinvest","MO","ALTRIA GROUP INC","","","","$18.87"
"04/29/2025","NRA Tax Adj","","SCHWAB1 INT 03/28-04/28","","","","-$0.12"
"04/29/2025","Credit Interest","","SCHWAB1 INT 03/28-04/28","","","","$0.42"
"04/24/2025 as of 04/10/2025","NRA Tax Adj","PM","PHILIP MORRIS INTL INC","","","","-$0.40"
"04/24/2025 as of 04/10/2025","NRA Withhold","PM","PHILIP MORRIS INTL INC","","","","$4.39"
"04/17/2025","Sell to Open","PLTR 05/16/2025 92.50 P","PUT PALANTIR TECHNOLOGIE$92.5 EXP 05/16/25","1","$9.08","$0.69","$907.31"
"04/17/2025","Buy to Close","PLTR 04/17/2025 95.00 P","PUT PALANTIR TECHNOLOGIE$95 EXP 04/17/25","1","$1.88","$0.66","-$188.66"
"04/15/2025","Reinvest Shares","O","REALTY INCOME CORP REIT","0.3692","$56.7138","","-$20.94"
"04/15/2025","Reinvest Shares","BBY","BEST BUY INC","0.043","$62.1587","","-$2.67"
"04/15/2025","Sell to Open","NVDA 05/16/2025 125.00 C","CALL NVIDIA CORP $125 EXP 05/16/25","1","$2.20","$0.67","$219.33"
"04/15/2025","Buy to Close","NVDA 04/17/2025 125.00 C","CALL NVIDIA CORP $125 EXP 04/17/25","1","$0.04","$0.01","-$4.01"
"04/15/2025","Non-Qualified Div","O","REALTY INCOME CORP REIT","","","","$29.91"
"04/15/2025","NRA Tax Adj","O","REALTY INCOME CORP REIT","","","","-$8.97"
"04/15/2025","NRA Tax Adj","BBY","BEST BUY INC","","","","-$1.14"
"04/15/2025","Qual Div Reinvest","BBY","BEST BUY INC","","","","$3.81"
"04/10/2025","Foreign Tax Paid","TSM","TAIWAN SEMICONDUCTOR M FSPONSORED ADR 1 ADR REPS 5 ORD SHS","","","","-$2.56"
"04/10/2025","Qualified Dividend","TSM","TAIWAN SEMICONDUCTOR M FSPONSORED ADR 1 ADR REPS 5 ORD SHS","","","","$12.20"
"04/10/2025","Reinvest Shares","PM","PHILIP MORRIS INTL INC","0.067","$152.8534","","-$10.24"
"04/10/2025","NRA Tax Adj","PM","PHILIP MORRIS INTL INC","","","","-$4.39"
"04/10/2025","Qual Div Reinvest","PM","PHILIP MORRIS INTL INC","","","","$14.63"
"04/07/2025","Reinvest Shares","WMT","WALMART INC","0.012","$83.5856","","-$1.00"
"04/07/2025","Buy","TSM","TAIWAN SEMICONDUCTOR M FSPONSORED ADR 1 ADR REPS 5 ORD SHS","1","$136.39","","-$136.39"
"04/07/2025","NRA Tax Adj","WMT","WALMART INC","","","","-$0.43"
"04/07/2025","Qual Div Reinvest","WMT","WALMART INC","","","","$1.43"
"04/02/2025","Reinvest Shares","KMB","KIMBERLY CLARK CORP","0.0454","$142.4817","","-$6.47"
"04/02/2025","Sell to Open","NVDA 04/17/2025 125.00 C","CALL NVIDIA CORP $125 EXP 04/17/25","1","$0.50","$0.66","$49.34"
"04/02/2025","NRA Tax Adj","KMB","KIMBERLY CLARK CORP","","","","-$2.78"
"04/02/2025","Qual Div Reinvest","KMB","KIMBERLY CLARK CORP","","","","$9.25"
"04/02/2025 as of 04/01/2025","Assigned","NVDA 04/17/2025 135.00 P","PUT NVIDIA CORP $135 EXP 04/17/25","1","","",""
"04/02/2025 as of 04/01/2025","Buy","NVDA","NVIDIA CORP","100","$135.00","","-$13500.00"
"04/01/2025","Reinvest Shares","NKE","NIKE INC CLASS B","0.0269","$63.5868","","-$1.71"
"04/01/2025","NRA Tax Adj","NKE","NIKE INC CLASS B","","","","-$0.74"
"04/01/2025","Qual Div Reinvest","NKE","NIKE INC CLASS B","","","","$2.45"
"03/31/2025","Reinvest Shares","VOO","VANGUARD S&P ...500 ETF","0.0102","$505.67","","-$5.15"
"03/31/2025","Reinvest Dividend","VOO","VANGUARD S&P ...500 ETF","","","","$7.36"
"03/31/2025","NRA Tax Adj","VOO","VANGUARD S&P ...500 ETF","","","","-$2.21"
"03/28/2025","NRA Tax Adj","","SCHWAB1 INT 02/27-03/27","","","","-$0.26"
"03/28/2025","Credit Interest","","SCHWAB1 INT 02/27-03/27","","","","$0.87"
"03/28/2025","Reinvest Shares","TROW","PRICE T ROWE GROUP INC","0.0894","$93.3832","","-$8.35"
"03/28/2025","NRA Tax Adj","TROW","PRICE T ROWE GROUP INC","","","","-$3.58"
"03/28/2025","Qual Div Reinvest","TROW","PRICE T ROWE GROUP INC","","","","$11.93"
"03/14/2025","Reinvest Shares","O","REALTY INCOME CORP REIT","0.3716","$56.0313","","-$20.82"
"03/14/2025","Non-Qualified Div","O","REALTY INCOME CORP REIT","","","","$29.75"
"03/14/2025","NRA Tax Adj","O","REALTY INCOME CORP REIT","","","","-$8.93"
"03/12/2025","Reinvest Shares","MMM","3M CO","0.0546","$148.9677","","-$8.13"
"03/12/2025","NRA Tax Adj","MMM","3M CO","","","","-$3.48"
"03/12/2025","Qual Div Reinvest","MMM","3M CO","","","","$11.61"
"03/10/2025","Buy","TSM","TAIWAN SEMICONDUCTOR M FSPONSORED ADR 1 ADR REPS 5 ORD SHS","1","$168.00","","-$168.00"
"03/06/2025","Buy","TSM","TAIWAN SEMICONDUCTOR M FSPONSORED ADR 1 ADR REPS 5 ORD SHS","1","$178.21","","-$178.21"
"03/05/2025","Buy","TROW","PRICE T ROWE GROUP INC","1","$100.00","","-$100.00"
"03/05/2025","Buy","BBY","BEST BUY INC","2","$75.00","","-$150.00"
"03/04/2025","Reinvest Shares","JNJ","JOHNSON & JOHNSON","0.0105","$168.8674","","-$1.78"
"03/04/2025","NRA Tax Adj","JNJ","JOHNSON & JOHNSON","","","","-$0.76"
"03/04/2025","Qual Div Reinvest","JNJ","JOHNSON & JOHNSON","","","","$2.54"
"02/27/2025","NRA Tax Adj","","SCHWAB1 INT 01/30-02/26","","","","-$0.25"
"02/27/2025","Credit Interest","","SCHWAB1 INT 01/30-02/26","","","","$0.84"
"02/26/2025","Buy","TSLA","TESLA INC","1","$289.96","","-$289.96"
"02/21/2025","Sell to Open","PLTR 04/17/2025 95.00 P","PUT PALANTIR TECHNOLOGIE$95 EXP 04/17/25","1","$6.90","$0.68","$689.32"
"02/21/2025","Sell to Open","NVDA 04/17/2025 135.00 P","PUT NVIDIA CORP $135 EXP 04/17/25","1","$9.50","$0.69","$949.31"
"02/21/2025","Buy to Close","NVDA 02/21/2025 135.00 P","PUT NVIDIA CORP $135 EXP 02/21/25","1","$0.09","$0.66","-$9.66"
"02/20/2025 as of 02/19/2025","Assigned","MSTU 02/21/2025 12.00 P","PUT T REX 2X LONG MSTR D$12 EXP 02/21/25","1","","",""
"02/20/2025 as of 02/19/2025","Buy","MSTU","T REX 2X LONG MSTR DAILYTARGET ETF","100","$12.00","","-$1200.00"
"02/18/2025","Reinvest Shares","HRL","HORMEL FOODS CORP","0.7344","$28.1442","","-$20.67"
"02/18/2025","NRA Tax Adj","HRL","HORMEL FOODS CORP","","","","-$8.86"
"02/18/2025","Qual Div Reinvest","HRL","HORMEL FOODS CORP","","","","$29.53"
"02/14/2025","Reinvest Shares","O","REALTY INCOME CORP REIT","0.3707","$55.1591","","-$20.45"
"02/14/2025","Reinvest Shares","CL","COLGATE PALMOLIVE CO","0.0086","$86.2522","","-$0.74"
"02/14/2025","Reinvest Shares","CLX","CLOROX CO","0.0597","$149.3693","","-$8.92"
"02/14/2025","Reinvest Shares","ABBV","ABBVIE INC","0.074","$194.4833","","-$14.40"
"02/14/2025","NRA Tax Adj","CL","COLGATE PALMOLIVE CO","","","","-$0.32"
"02/14/2025","Qual Div Reinvest","CL","COLGATE PALMOLIVE CO","","","","$1.06"
"02/14/2025","NRA Tax Adj","ABBV","ABBVIE INC","","","","-$6.17"
"02/14/2025","Qual Div Reinvest","ABBV","ABBVIE INC","","","","$20.57"
"02/14/2025","NRA Tax Adj","CLX","CLOROX CO","","","","-$3.83"
"02/14/2025","Qual Div Reinvest","CLX","CLOROX CO","","","","$12.75"
"02/14/2025","Non-Qualified Div","O","REALTY INCOME CORP REIT","","","","$29.21"
"02/14/2025","NRA Tax Adj","O","REALTY INCOME CORP REIT","","","","-$8.76"
"02/13/2025","Reinvest Shares","AAPL","APPLE INC","0.0007","$238.3965","","-$0.17"
"02/13/2025","Qual Div Reinvest","AAPL","APPLE INC","","","","$0.25"
"02/13/2025","NRA Tax Adj","AAPL","APPLE INC","","","","-$0.08"
"02/04/2025","Buy to Close","PLTR 02/21/2025 72.50 P","PUT PALANTIR TECHNOLOGIE$72.5 EXP 02/21/25","1","$0.13","$0.66","-$13.66"
"01/30/2025","NRA Tax Adj","","SCHWAB1 INT 12/30-01/29","","","","-$0.27"
"01/30/2025","Credit Interest","","SCHWAB1 INT 12/30-01/29","","","","$0.93"
"01/28/2025","Journaled Shares","BRKB","BERKSHIRE HATHAWAY CLASS B","-1","$470.24","",""
"01/21/2025","Sell to Close","MSTU 06/20/2025 8.00 C","CALL T REX 2X LONG MSTR $8 EXP 06/20/25","1","$6.63","$0.68","$662.32"
"01/21/2025 as of 01/13/2025","NRA Tax Adj","PM","PHILIP MORRIS INTL INC","","","","-$0.22"
"01/21/2025 as of 01/13/2025","NRA Withhold","PM","PHILIP MORRIS INTL INC","","","","$4.36"
"01/15/2025","Reinvest Shares","O","REALTY INCOME CORP REIT","0.3794","$53.7168","","-$20.38"
"01/15/2025","Non-Qualified Div","O","REALTY INCOME CORP REIT","","","","$29.11"
"01/15/2025","NRA Tax Adj","O","REALTY INCOME CORP REIT","","","","-$8.73"
"01/13/2025","Reinvest Shares","PM","PHILIP MORRIS INTL INC","0.0872","$116.4805","","-$10.16"
"01/13/2025","Buy","BRKB","BERKSHIRE HATHAWAY CLASS B","1","$441.97","","-$441.97"
"01/13/2025","NRA Tax Adj","PM","PHILIP MORRIS INTL INC","","","","-$4.36"
"01/13/2025","Qual Div Reinvest","PM","PHILIP MORRIS INTL INC","","","","$14.52"
"01/10/2025","Reinvest Shares","MO","ALTRIA GROUP INC","0.2534","$51.4219","","-$13.03"
"01/10/2025","NRA Tax Adj","MO","ALTRIA GROUP INC","","","","-$5.59"
"01/10/2025","Qual Div Reinvest","MO","ALTRIA GROUP INC","","","","$18.62"
"01/09/2025","Foreign Tax Paid","TSM","TAIWAN SEMICONDUCTOR M FSPONSORED ADR 1 ADR REPS 5 ORD SHS","","","","-$2.04"
"01/09/2025","Qualified Dividend","TSM","TAIWAN SEMICONDUCTOR M FSPONSORED ADR 1 ADR REPS 5 ORD SHS","","","","$9.73"
"01/08/2025","Sell to Open","HRL 06/20/2025 32.00 C","CALL HORMEL FOODS CORP $32 EXP 06/20/25","1","$1.25","$0.66","$124.34"
"01/07/2025","Reinvest Shares","BBY","BEST BUY INC","0.0155","$85.3357","","-$1.32"
"01/07/2025","Buy to Open","MSTU 06/20/2025 8.00 C","CALL T REX 2X LONG MSTR $8 EXP 06/20/25","1","$5.19","$0.66","-$519.66"
"01/07/2025","NRA Tax Adj","BBY","BEST BUY INC","","","","-$0.56"
"01/07/2025","Qual Div Reinvest","BBY","BEST BUY INC","","","","$1.88"
"01/06/2025","Reinvest Shares","WMT","WALMART INC","0.0096","$91.6966","","-$0.88"
"01/06/2025","Buy to Close","HRL 01/17/2025 35.00 C","CALL HORMEL FOODS CORP $35 EXP 01/17/25","1","$0.03","$0.01","-$3.01"
"01/06/2025","NRA Tax Adj","WMT","WALMART INC","","","","-$0.38"
"01/06/2025","Qual Div Reinvest","WMT","WALMART INC","","","","$1.26"
"01/03/2025","Reinvest Shares","KMB","KIMBERLY CLARK CORP","0.0479","$130.1027","","-$6.23"
"01/03/2025","Reinvest Shares","MSTX","DEFIANCE DAILY TRGT 2X LNG MSTR ETF","1.5211","$39.8404","","-$60.60"
"01/03/2025","NRA Tax Adj","KMB","KIMBERLY CLARK CORP","","","","-$2.67"
"01/03/2025","Qual Div Reinvest","KMB","KIMBERLY CLARK CORP","","","","$8.90"
"01/03/2025","Pr Yr Div Reinvest","MSTX","DEFIANCE DAILY TRGT 2X LNG MSTR ETF","","","","$86.57"
"01/03/2025","Pr Yr NRA Tax","MSTX","DEFIANCE DAILY TRGT 2X LNG MSTR ETF","","","","-$25.97"
"01/02/2025","Reinvest Shares","NKE","NIKE INC CLASS B","0.0228","$75.1279","","-$1.71"
"01/02/2025","Sell to Open","PLTR 02/21/2025 72.50 P","PUT PALANTIR TECHNOLOGIE$72.5 EXP 02/21/25","1","$7.25","$0.68","$724.32"
"01/02/2025","NRA Tax Adj","NKE","NIKE INC CLASS B","","","","-$0.73"
"01/02/2025","Qual Div Reinvest","NKE","NIKE INC CLASS B","","","","$2.44"
"12/31/2024","Wire Received","","WIRED FUNDS RECEIVED","","","","$1000.00"
"12/30/2024","NRA Tax Adj","","SCHWAB1 INT 11/27-12/29","","","","-$0.34"
"12/30/2024","Credit Interest","","SCHWAB1 INT 11/27-12/29","","","","$1.14"
"12/27/2024","Reinvest Shares","TROW","PRICE T ROWE GROUP INC","0.0616","$117.3839","","-$7.23"
"12/27/2024","NRA Tax Adj","TROW","PRICE T ROWE GROUP INC","","","","-$3.10"
"12/27/2024","Qual Div Reinvest","TROW","PRICE T ROWE GROUP INC","","","","$10.33"
"12/26/2024","Reinvest Shares","VOO","VANGUARD S&P ...500 ETF","0.0089","$552.4699","","-$4.93"
"12/26/2024","Reinvest Dividend","VOO","VANGUARD S&P ...500 ETF","","","","$7.04"
"12/26/2024","NRA Tax Adj","VOO","VANGUARD S&P ...500 ETF","","","","-$2.11"
"12/26/2024","Sell to Open","O 01/16/2026 70.00 C","CALL REALTY INCOME CORP $70 EXP 01/16/26","1","$0.35","$0.66","$34.34"
"12/26/2024 as of 12/24/2024","Assigned","MO 01/17/2025 47.50 C","CALL ALTRIA GROUP INC $47.5 EXP 01/17/25","1","","",""
"12/26/2024 as of 12/24/2024","Sell","MO","ALTRIA GROUP INC","100","$47.50","$0.15","$4749.85"
"12/20/2024","Sell to Open","MSTU 02/21/2025 12.00 P","PUT T REX 2X LONG MSTR D$12 EXP 02/21/25","1","$3.85","$0.67","$384.33"
"12/20/2024","Sell to Open","NVDA 02/21/2025 135.00 P","PUT NVIDIA CORP $135 EXP 02/21/25","1","$10.00","$0.69","$999.31"
"12/20/2024","Buy to Close","NVDA 12/20/2024 130.00 P","PUT NVIDIA CORP $130 EXP 12/20/24","1","$0.10","$0.66","-$10.66"
"12/16/2024 as of 12/13/2024","Stock Split","MSTU","T REX 2X LONG MSTR DAILYTARGET ETF","54","$16.367","",""
"12/13/2024","Reinvest Shares","O","REALTY INCOME CORP REIT","0.3691","$54.9137","","-$20.27"
"12/13/2024","Non-Qualified Div","O","REALTY INCOME CORP REIT","","","","$28.96"
"12/13/2024","NRA Tax Adj","O","REALTY INCOME CORP REIT","","","","-$8.69"
"12/12/2024","Reinvest Shares","MMM","3M CO","0.0596","$130.2601","","-$7.76"
"12/12/2024","NRA Tax Adj","MMM","3M CO","","","","-$3.33"
"12/12/2024","Qual Div Reinvest","MMM","3M CO","","","","$11.09"
"12/10/2024","Reinvest Shares","JNJ","JOHNSON & JOHNSON","0.0118","$149.1199","","-$1.76"
"12/10/2024","NRA Tax Adj","JNJ","JOHNSON & JOHNSON","","","","-$0.76"
"12/10/2024","Qual Div Reinvest","JNJ","JOHNSON & JOHNSON","","","","$2.52"
"12/02/2024","Buy","MSTX","DEFIANCE DAILY TRGT 2X LNG MSTR ETF","2","$95.00","","-$190.00"
"11/29/2024","Buy","MSTU","T REX 2X LONG MSTR DAILYTARGET ETF","2","$155.00","","-$310.00"
"11/27/2024","NRA Tax Adj","","SCHWAB1 INT 10/30-11/26","","","","-$0.55"
"11/27/2024","Credit Interest","","SCHWAB1 INT 10/30-11/26","","","","$1.84"
"11/25/2024","Buy","MSTX","DEFIANCE DAILY TRGT 2X LNG MSTR ETF","2","$110.00","","-$220.00"
"11/25/2024","Buy","MSTU","T REX 2X LONG MSTR DAILYTARGET ETF","2","$180.00","","-$360.00"
"11/21/2024","Buy","MSTU","T REX 2X LONG MSTR DAILYTARGET ETF","2","$300.00","","-$600.00"
"11/21/2024","Buy","MSTX","DEFIANCE DAILY TRGT 2X LNG MSTR ETF","2","$210.00","","-$420.00"
"11/18/2024","Buy","BBY","BEST BUY INC","2","$90.00","","-$180.00"
"11/15/2024","Reinvest Shares","O","REALTY INCOME CORP REIT","0.3589","$56.2904","","-$20.20"
"11/15/2024","Reinvest Shares","ABBV","ABBVIE INC","0.0683","$166.4089","","-$11.37"
"11/15/2024","Buy","ABBV","ABBVIE INC","2","$165.00","","-$330.00"
"11/15/2024","Reinvest Shares","HRL","HORMEL FOODS CORP","0.6679","$29.9602","","-$20.01"
"11/15/2024","Reinvest Shares","CL","COLGATE PALMOLIVE CO","0.008","$91.4124","","-$0.73"
"11/15/2024","NRA Tax Adj","HRL","HORMEL FOODS CORP","","","","-$8.57"
"11/15/2024","Qual Div Reinvest","HRL","HORMEL FOODS CORP","","","","$28.58"
"11/15/2024","Non-Qualified Div","O","REALTY INCOME CORP REIT","","","","$28.86"
"11/15/2024","NRA Tax Adj","O","REALTY INCOME CORP REIT","","","","-$8.66"
"11/15/2024","NRA Tax Adj","ABBV","ABBVIE INC","","","","-$4.87"
"11/15/2024","Qual Div Reinvest","ABBV","ABBVIE INC","","","","$16.24"
"11/15/2024","NRA Tax Adj","CL","COLGATE PALMOLIVE CO","","","","-$0.32"
"11/15/2024","Qual Div Reinvest","CL","COLGATE PALMOLIVE CO","","","","$1.05"
"11/14/2024","Reinvest Shares","AAPL","APPLE INC","0.0008","$226.2704","","-$0.17"
"11/14/2024","NRA Tax Adj","AAPL","APPLE INC","","","","-$0.08"
"11/14/2024","Qual Div Reinvest","AAPL","APPLE INC","","","","$0.25"
"11/11/2024","Sell","DXYZ","DESTINY TECH ...100 INC","20","$47.00","$0.03","$939.97"
"11/07/2024","Reinvest Shares","CLX","CLOROX CO","0.0547","$162.4688","","-$8.88"
"11/07/2024","NRA Tax Adj","CLX","CLOROX CO","","","","-$3.80"
"11/07/2024","Qual Div Reinvest","CLX","CLOROX CO","","","","$12.68"
"10/30/2024","NRA Tax Adj","","SCHWAB1 INT 09/27-10/29","","","","-$0.78"
"10/30/2024","Credit Interest","","SCHWAB1 INT 09/27-10/29","","","","$2.60"
"10/28/2024","Sell to Open","NVDA 12/20/2024 130.00 P","PUT NVIDIA CORP $130 EXP 12/20/24","1","$6.65","$0.68","$664.32"
"10/28/2024","Buy to Close","NVDA 11/15/2024 110.00 P","PUT NVIDIA CORP $110 EXP 11/15/24","1","$0.36","$0.66","-$36.66"
"10/21/2024 as of 10/10/2024","NRA Tax Adj","PM","PHILIP MORRIS INTL INC","","","","-$0.22"
"10/21/2024 as of 10/10/2024","NRA Withhold","PM","PHILIP MORRIS INTL INC","","","","$4.32"
"10/15/2024","Reinvest Shares","O","REALTY INCOME CORP REIT","0.3179","$63.3776","","-$20.15"
"10/15/2024","Sell to Close","NVDA 01/16/2026 120.00 C","CALL NVIDIA CORP $120 EXP 01/16/26","1","$39.96","$0.77","$3995.23"
"10/15/2024","Non-Qualified Div","O","REALTY INCOME CORP REIT","","","","$28.78"
"10/15/2024","NRA Tax Adj","O","REALTY INCOME CORP REIT","","","","-$8.63"
"10/10/2024","Reinvest Shares","PM","PHILIP MORRIS INTL INC","0.0834","$120.8535","","-$10.08"
"10/10/2024","Reinvest Shares","MO","ALTRIA GROUP INC","1.6536","$50.3448","","-$83.25"
"10/10/2024","NRA Tax Adj","PM","PHILIP MORRIS INTL INC","","","","-$4.32"
"10/10/2024","Qual Div Reinvest","PM","PHILIP MORRIS INTL INC","","","","$14.40"
"10/10/2024","NRA Tax Adj","MO","ALTRIA GROUP INC","","","","-$35.68"
"10/10/2024","Qual Div Reinvest","MO","ALTRIA GROUP INC","","","","$118.93"
"10/09/2024","Foreign Tax Paid","TSM","TAIWAN SEMICONDUCTOR M FSPONSORED ADR 1 ADR REPS 5 ORD SHS","","","","-$2.10"
"10/09/2024","Qualified Dividend","TSM","TAIWAN SEMICONDUCTOR M FSPONSORED ADR 1 ADR REPS 5 ORD SHS","","","","$10.00"
"10/02/2024","Reinvest Shares","KMB","KIMBERLY CLARK CORP","0.0437","$141.6707","","-$6.19"
"10/02/2024","NRA Tax Adj","KMB","KIMBERLY CLARK CORP","","","","-$2.66"
"10/02/2024","Qual Div Reinvest","KMB","KIMBERLY CLARK CORP","","","","$8.85"
"10/01/2024","Reinvest Shares","NKE","NIKE INC CLASS B","0.0178","$88.3906","","-$1.57"
"10/01/2024","Reinvest Shares","VOO","VANGUARD S&P ...500 ETF","0.0089","$520.8799","","-$4.63"
"10/01/2024","Reinvest Dividend","VOO","VANGUARD S&P ...500 ETF","","","","$6.62"
"10/01/2024","NRA Tax Adj","VOO","VANGUARD S&P ...500 ETF","","","","-$1.99"
"10/01/2024","Sell to Open","NVDA 11/15/2024 110.00 P","PUT NVIDIA CORP $110 EXP 11/15/24","1","$5.00","$0.67","$499.33"
"10/01/2024","NRA Tax Adj","NKE","NIKE INC CLASS B","","","","-$0.68"
"10/01/2024","Qual Div Reinvest","NKE","NIKE INC CLASS B","","","","$2.25"
"09/27/2024","NRA Tax Adj","","SCHWAB1 INT 08/29-09/26","","","","-$1.17"
"09/27/2024","Credit Interest","","SCHWAB1 INT 08/29-09/26","","","","$3.92"
"09/27/2024","Reinvest Shares","TROW","PRICE T ROWE GROUP INC","0.0653","$109.8421","","-$7.17"
"09/27/2024","NRA Tax Adj","TROW","PRICE T ROWE GROUP INC","","","","-$3.08"
"09/27/2024","Qual Div Reinvest","TROW","PRICE T ROWE GROUP INC","","","","$10.25"
"09/19/2024","Buy to Close","NVDA 10/18/2024 104.00 P","PUT NVIDIA CORP $104 EXP 10/18/24","1","$1.50","$0.66","-$150.66"
"09/13/2024","Reinvest Shares","O","REALTY INCOME CORP REIT","0.3213","$62.398","","-$20.05"
"09/13/2024","Non-Qualified Div","O","REALTY INCOME CORP REIT","","","","$28.64"
"09/13/2024","NRA Tax Adj","O","REALTY INCOME CORP REIT","","","","-$8.59"
"09/12/2024","Reinvest Shares","MMM","3M CO","0.0585","$132.0643","","-$7.73"
"09/12/2024","NRA Tax Adj","MMM","3M CO","","","","-$3.32"
"09/12/2024","Qual Div Reinvest","MMM","3M CO","","","","$11.05"
"09/11/2024","ADR Mgmt Fee","ARM","ARM HLDGS PLC FUNSPONSORED ADR 1 ADR REPS 1 ORD SHS","","","","-$0.02"
"09/10/2024","Reinvest Shares","JNJ","JOHNSON & JOHNSON","0.0105","$167.344","","-$1.76"
"09/10/2024 as of 09/08/2024","Schwab ATM Rebate","","SCHWAB ATM REBATE ATM SURCHARGE WAIVED","","","","$1.55"
"09/10/2024 as of 09/08/2024","ATM Withdrawal","","ATM2522 LAWSON OTARUSAK HOKKAIDO","","","","-$213.16"
"09/10/2024","NRA Tax Adj","JNJ","JOHNSON & JOHNSON","","","","-$0.75"
"09/10/2024","Qual Div Reinvest","JNJ","JOHNSON & JOHNSON","","","","$2.51"
"09/03/2024","Reinvest Shares","WMT","WALMART INC","0.0112","$77.4873","","-$0.87"
"09/03/2024","NRA Tax Adj","WMT","WALMART INC","","","","-$0.38"
"09/03/2024","Qual Div Reinvest","WMT","WALMART INC","","","","$1.25"
"08/30/2024","Reinvest Shares","CLX","CLOROX CO","0.0557","$158.3863","","-$8.83"
"08/30/2024","NRA Tax Adj","CLX","CLOROX CO","","","","-$3.78"
"08/30/2024","Qual Div Reinvest","CLX","CLOROX CO","","","","$12.61"
"08/29/2024","NRA Tax Adj","","SCHWAB1 INT 07/30-08/28","","","","-$1.46"
"08/29/2024","Credit Interest","","SCHWAB1 INT 07/30-08/28","","","","$4.89"
"08/15/2024","Reinvest Shares","O","REALTY INCOME CORP REIT","0.3345","$59.7396","","-$19.98"
"08/15/2024","Reinvest Shares","ABBV","ABBVIE INC","0.0589","$191.9003","","-$11.30"
"08/15/2024","Reinvest Shares","AAPL","APPLE INC","0.0008","$224.8589","","-$0.17"
"08/15/2024","Reinvest Shares","CL","COLGATE-PALMOLIVE CO","0.0072","$101.8047","","-$0.73"
"08/15/2024","Reinvest Shares","HRL","HORMEL FOODS CORP","0.6151","$32.3362","","-$19.89"
"08/15/2024","Non-Qualified Div","O","REALTY INCOME CORP REIT","","","","$28.55"
"08/15/2024","NRA Tax Adj","O","REALTY INCOME CORP REIT","","","","-$8.57"
"08/15/2024","NRA Tax Adj","HRL","HORMEL FOODS CORP","","","","-$8.52"
"08/15/2024","Qual Div Reinvest","HRL","HORMEL FOODS CORP","","","","$28.41"
"08/15/2024","NRA Tax Adj","AAPL","APPLE INC","","","","-$0.08"
"08/15/2024","Qual Div Reinvest","AAPL","APPLE INC","","","","$0.25"
"08/15/2024","NRA Tax Adj","CL","COLGATE-PALMOLIVE CO","","","","-$0.32"
"08/15/2024","Qual Div Reinvest","CL","COLGATE-PALMOLIVE CO","","","","$1.05"
"08/15/2024","NRA Tax Adj","ABBV","ABBVIE INC","","","","-$4.85"
"08/15/2024","Qual Div Reinvest","ABBV","ABBVIE INC","","","","$16.15"
"08/08/2024","Sell to Open","NVDA 10/18/2024 104.00 P","PUT NVIDIA CORP $104 EXP 10/18/24","1","$10.70","$0.69","$1069.31"
"08/08/2024","Buy to Close","NVDA 08/16/2024 118.00 P","PUT NVIDIA CORP $118 EXP 08/16/24","1","$15.20","$0.66","-$1520.66"
"08/07/2024","Buy","TROW","T ROWE PRICE GROUP","2","$103.00","","-$206.00"
"08/05/2024","Buy","DXYZ","DESTINY TECH ...100 INC","10","$9.20","","-$92.00"
"07/30/2024","NRA Tax Adj","","SCHWAB1 INT 06/27-07/29","","","","-$1.91"
"07/30/2024","Credit Interest","","SCHWAB1 INT 06/27-07/29","","","","$6.38"
"07/24/2024","Buy","DXYZ","DESTINY TECH ...100 INC","10","$12.50","","-$125.00"
"07/19/2024","Sell to Open","NVDA 08/16/2024 118.00 P","PUT NVIDIA CORP $118 EXP 08/16/24","1","$6.50","$0.68","$649.32"
"07/19/2024","Buy to Close","NVDA 07/19/2024 124.00 P","PUT NVIDIA CORP $124 EXP 07/19/24","1","$6.10","$0.66","-$610.66"
"07/15/2024","Reinvest Shares","O","REALTY INCOME CORP REIT","0.3571","$55.7806","","-$19.92"
"07/15/2024","Non-Qualified Div","O","REALTY INCOME CORP REIT","","","","$28.46"
"07/15/2024","NRA Tax Adj","O","REALTY INCOME CORP REIT","","","","-$8.54"
"07/12/2024 as of 07/08/2024","NRA Tax Adj","PM","PHILIP MORRIS INTL","","","","-$0.21"
"07/12/2024 as of 07/08/2024","NRA Withhold","PM","PHILIP MORRIS INTL","","","","$4.13"
"07/11/2024","Foreign Tax Paid","TSM","TAIWAN SEMICONDUCTR FSPONSORED ADR 1 ADR REPS 5 ORD SHS","","","","-$1.81"
"07/11/2024","Qualified Dividend","TSM","TAIWAN SEMICONDUCTR FSPONSORED ADR 1 ADR REPS 5 ORD SHS","","","","$8.64"
"07/10/2024","Reinvest Shares","MO","ALTRIA GROUP INC","1.6869","$46.7311","","-$78.83"
"07/10/2024","NRA Tax Adj","MO","ALTRIA GROUP INC","","","","-$33.78"
"07/10/2024","Qual Div Reinvest","MO","ALTRIA GROUP INC","","","","$112.61"
"07/09/2024","Buy to Open","NVDA 12/18/2026 130.00 C","CALL NVIDIA CORP $130 EXP 12/18/26","1","$47.00","$0.66","-$4700.66"
"07/08/2024","Reinvest Shares","PM","PHILIP MORRIS INTL","0.0942","$102.164","","-$9.62"
"07/08/2024","NRA Tax Adj","PM","PHILIP MORRIS INTL","","","","-$4.13"
"07/08/2024","Qual Div Reinvest","PM","PHILIP MORRIS INTL","","","","$13.75"
"07/02/2024","Reinvest Shares","VOO","VANGUARD S&P ...500 ETF","0.01","$502.37","","-$5.03"
"07/02/2024","Reinvest Shares","KMB","KIMBERLY CLARK CORP","0.0447","$137.6658","","-$6.15"
"07/02/2024","Reinvest Dividend","VOO","VANGUARD S&P ...500 ETF","","","","$7.19"
"07/02/2024","NRA Tax Adj","VOO","VANGUARD S&P ...500 ETF","","","","-$2.16"
"07/02/2024","NRA Tax Adj","KMB","KIMBERLY CLARK CORP","","","","-$2.64"
"07/02/2024","Qual Div Reinvest","KMB","KIMBERLY CLARK CORP","","","","$8.79"
"07/01/2024","Reinvest Shares","NKE","NIKE INC CLASS B","0.0207","$75.7177","","-$1.57"
"07/01/2024","NRA Tax Adj","NKE","NIKE INC CLASS B","","","","-$0.67"
"07/01/2024","Qual Div Reinvest","NKE","NIKE INC CLASS B","","","","$2.24"
"06/27/2024","NRA Tax Adj","","SCHWAB1 INT 05/30-06/26","","","","-$0.15"
"06/27/2024","Credit Interest","","SCHWAB1 INT 05/30-06/26","","","","$0.50"
"06/27/2024","Sell to Open","NVDA 07/19/2024 124.00 P","PUT NVIDIA CORP $124 EXP 07/19/24","1","$5.70","$0.68","$569.32"
"06/27/2024","Reinvest Shares","TROW","T ROWE PRICE GROUP","0.0464","$116.3983","","-$5.40"
"06/27/2024","Journal","","JOURNAL TO ...024","","","","-$250.00"
"06/27/2024","Full Redemption Adj","912796Y45","US TREASURY BILXXX**MATURED**","","","","$18000.00"
"06/27/2024","Full Redemption","912796Y45","US TREASURY BILXXX**MATURED**","-18,000","","",""
"06/27/2024","NRA Tax Adj","TROW","T ROWE PRICE GROUP","","","","-$2.31"
"06/27/2024","Qual Div Reinvest","TROW","T ROWE PRICE GROUP","","","","$7.71"
"06/14/2024","Reinvest Shares","O","REALTY INCOME CORP REIT","0.3719","$53.2981","","-$19.82"
"06/14/2024","Non-Qualified Div","O","REALTY INCOME CORP REIT","","","","$28.31"
"06/14/2024","NRA Tax Adj","O","REALTY INCOME CORP REIT","","","","-$8.49"
"06/12/2024","Reinvest Shares","MMM","3M CO","0.0752","$102.4556","","-$7.70"
"06/12/2024","NRA Tax Adj","MMM","3M CO","","","","-$3.30"
"06/12/2024","Qual Div Reinvest","MMM","3M CO","","","","$11.00"
"06/10/2024","Journal","","JOURNAL FRM ...024","","","","$250.00"
"06/10/2024","Sell to Close","NVDA 01/16/2026 120.00 C","CALL NVIDIA CORP $120 EXP 01/16/26","9","$32.20","$6.79","$28973.21"
"06/10/2024","Buy to Open","NVDA 01/16/2026 120.00 C","CALL NVIDIA CORP $120 EXP 01/16/26","10","$32.80","$6.61","-$32806.61"
"06/07/2024","Buy to Close","HRL 01/17/2025 25.00 P","PUT HORMEL FOODS CORP $25 EXP 01/17/25","1","$0.48","$0.66","-$48.66"
"06/04/2024","Reinvest Shares","JNJ","JOHNSON & JOHNSON","0.0118","$146.9819","","-$1.74"
"06/04/2024","Qual Div Reinvest","JNJ","JOHNSON & JOHNSON","","","","$2.49"
"06/04/2024","NRA Tax Adj","JNJ","JOHNSON & JOHNSON","","","","-$0.75"
"06/03/2024","Buy","BRKB","BERKSHIRE HATHAWAY CLASS B","1","$409.00","","-$409.00"
"06/03/2024","Journal","","JOURNAL TO ...024","","","","-$9254.00"
"06/03/2024","Wire Received","","WIRED FUNDS RECEIVED","","","","$10254.00"
"05/30/2024","NRA Tax Adj","","SCHWAB1 INT 04/29-05/29","","","","-$0.31"
"05/30/2024","Credit Interest","","SCHWAB1 INT 04/29-05/29","","","","$1.04"
"05/28/2024","Reinvest Shares","WMT","WALMART INC","0.0134","$64.9481","","-$0.87"
"05/28/2024","NRA Tax Adj","WMT","WALMART INC","","","","-$0.38"
"05/28/2024","Qual Div Reinvest","WMT","WALMART INC","","","","$1.25"
"05/20/2024","Journaled Shares","AAPL","APPLE INC","1.0119","$191.425","",""
"05/20/2024","Journaled Shares","CL","COLGATE-PALMOLIVE CO","2.102","$94.21","",""
"05/20/2024","Journaled Shares","912796Y45","US TREASURY BILL24U S T BILL DUE 06/27/24","15,000","$99.4453","",""
"05/20/2024","Journaled Shares","GGR","GOGORO INC F","14","$1.485","",""
"05/20/2024","Journal","","JOURNAL FRM ...093","","","","$306.85"
"05/15/2024","Reinvest Shares","ABBV","ABBVIE INC","0.0688","$163.1166","","-$11.23"
"05/15/2024","Reinvest Shares","O","REALTY INCOME CORP REIT","0.3501","$55.2078","","-$19.33"
"05/15/2024","Reinvest Shares","HRL","HORMEL FOODS CORP","0.5523","$35.7966","","-$19.77"
"05/15/2024","Non-Qualified Div","O","REALTY INCOME CORP REIT","","","","$27.62"
"05/15/2024","NRA Tax Adj","O","REALTY INCOME CORP REIT","","","","-$8.29"
"05/15/2024","NRA Tax Adj","HRL","HORMEL FOODS CORP","","","","-$8.48"
"05/15/2024","Qual Div Reinvest","HRL","HORMEL FOODS CORP","","","","$28.25"
"05/15/2024","NRA Tax Adj","ABBV","ABBVIE INC","","","","-$4.81"
"05/15/2024","Qual Div Reinvest","ABBV","ABBVIE INC","","","","$16.04"
"05/10/2024","Reinvest Shares","CLX","CLOROX CO","0.0605","$142.6994","","-$8.63"
"05/10/2024","NRA Tax Adj","CLX","CLOROX CO","","","","-$3.70"
"05/10/2024","Qual Div Reinvest","CLX","CLOROX CO","","","","$12.33"
"05/01/2024","Buy","DXYZ","DESTINY TECH ...100 INC","10","$16.00","","-$160.00"
"04/30/2024","Reinvest Shares","MO","ALTRIA GROUP INC","1.7678","$43.9079","","-$77.62"
"04/30/2024","Sell","BITB","BITWISE BITCOIN ETF","4","$32.9901","","$131.96"
"04/30/2024","Sell","IBIT","ISHARES BITCOIN ETF","4","$34.4925","","$137.97"
"04/30/2024","NRA Tax Adj","MO","ALTRIA GROUP INC","","","","-$33.26"
"04/30/2024","Qual Div Reinvest","MO","ALTRIA GROUP INC","","","","$110.88"
"04/29/2024","NRA Tax Adj","","SCHWAB1 INT 03/27-04/28","","","","-$0.35"
"04/29/2024","Credit Interest","","SCHWAB1 INT 03/27-04/28","","","","$1.18"
"04/26/2024","Buy","DXYZ","DESTINY TECH ...100 INC","10","$18.99","","-$189.90"
"04/18/2024 as of 04/09/2024","NRA Tax Adj","PM","PHILIP MORRIS INTL","","","","-$0.20"
"04/18/2024 as of 04/09/2024","NRA Withhold","PM","PHILIP MORRIS INTL","","","","$4.08"
"04/15/2024","Reinvest Shares","O","REALTY INCOME CORP REIT","0.3717","$51.8483","","-$19.27"
"04/15/2024","Non-Qualified Div","O","REALTY INCOME CORP REIT","","","","$27.53"
"04/15/2024","NRA Tax Adj","O","REALTY INCOME CORP REIT","","","","-$8.26"
"04/15/2024","Buy","DXYZ","DESTINY TECH ...100 INC","10","$35.00","","-$350.00"
"04/11/2024","Foreign Tax Paid","TSM","TAIWAN SEMICONDUCTR FSPONSORED ADR 1 ADR REPS 5 ORD SHS","","","","-$1.83"
"04/11/2024","Qualified Dividend","TSM","TAIWAN SEMICONDUCTR FSPONSORED ADR 1 ADR REPS 5 ORD SHS","","","","$8.73"
"04/09/2024","Reinvest Shares","PM","PHILIP MORRIS INTL","0.105","$90.7575","","-$9.53"
"04/09/2024","NRA Tax Adj","PM","PHILIP MORRIS INTL","","","","-$4.08"
"04/09/2024","Qual Div Reinvest","PM","PHILIP MORRIS INTL","","","","$13.61"
"04/09/2024","Buy","912796Y45","US TREASURY BILL24U S T BILL DUE 06/27/24","3,000","$98.8739","","-$2966.22"
"04/09/2024","Wire Received","","WIRED FUNDS RECEIVED","","","","$3020.00"
"04/02/2024","Reinvest Shares","KMB","KIMBERLY CLARK CORP","0.0474","$129.032","","-$6.12"
"04/02/2024","Reinvest Shares","WMT","WALMART INC","0.0147","$59.2513","","-$0.87"
"04/02/2024","Reinvest Shares","NKE","NIKE INC CLASS B","0.0172","$91.3097","","-$1.57"
"04/02/2024 as of 04/01/2024","Cash In Lieu","SOLV","SOLVENTUM CORP","","","","$60.69"
"04/02/2024","Qual Div Reinvest","KMB","KIMBERLY CLARK CORP","","","","$8.74"
"04/02/2024","NRA Tax Adj","KMB","KIMBERLY CLARK CORP","","","","-$2.62"
"04/01/2024","Spin-off","SOLV","SOLVENTUM CORP","3","","",""
"04/01/2024","NRA Tax Adj","WMT","WALMART INC","","","","-$0.38"
"04/01/2024","Qual Div Reinvest","WMT","WALMART INC","","","","$1.25"
"04/01/2024","NRA Tax Adj","NKE","NIKE INC CLASS B","","","","-$0.67"
"04/01/2024","Qual Div Reinvest","NKE","NIKE INC CLASS B","","","","$2.24"
"04/01/2024","Sell","SOLV","SOLVENTUM CORP","3","$69.01","","$207.03"
"03/28/2024","Reinvest Shares","VOO","VANGUARD S&P ...500 ETF","0.009","$480.80","","-$4.35"
"03/28/2024","Reinvest Shares","TROW","T ROWE PRICE GROUP","0.0438","$122.0644","","-$5.35"
"03/28/2024","NRA Tax Adj","TROW","T ROWE PRICE GROUP","","","","-$2.30"
"03/28/2024","Qual Div Reinvest","TROW","T ROWE PRICE GROUP","","","","$7.65"
"03/27/2024","NRA Tax Adj","","SCHWAB1 INT 02/28-03/26","","","","-$0.29"
"03/27/2024","Credit Interest","","SCHWAB1 INT 02/28-03/26","","","","$0.99"
"03/27/2024","Reinvest Dividend","VOO","VANGUARD S&P ...500 ETF","","","","$6.21"
"03/27/2024","NRA Tax Adj","VOO","VANGUARD S&P ...500 ETF","","","","-$1.86"
"03/15/2024","Reinvest Shares","O","REALTY INCOME CORP REIT","0.368","$52.092","","-$19.17"
"03/15/2024","Non-Qualified Div","O","REALTY INCOME CORP REIT","","","","$27.38"
"03/15/2024","NRA Tax Adj","O","REALTY INCOME CORP REIT","","","","-$8.21"
"03/12/2024","Reinvest Shares","MMM","3M CO","0.1668","$98.5728","","-$16.44"
"03/12/2024","NRA Tax Adj","MMM","3M CO","","","","-$7.04"
"03/12/2024","Qual Div Reinvest","MMM","3M CO","","","","$23.48"
"03/12/2024","Buy","TSLA","TESLA INC","2","$173.00","","-$346.00"
"03/06/2024","Reinvest Shares","JNJ","JOHNSON & JOHNSON","0.0104","$160.4053","","-$1.67"
"03/05/2024","Qual Div Reinvest","JNJ","JOHNSON & JOHNSON","","","","$2.38"
"03/05/2024","NRA Tax Adj","JNJ","JOHNSON & JOHNSON","","","","-$0.71"
"03/05/2024","Sell","ARM","ARM HLDGS PLC FUNSPONSORED ADR 1 ADR REPS 1 ORD SHS","1","$130.43","","$130.43"
"02/29/2024","Reorganized Issue","WMT","WALMART INC","0.01","$59.62","",""
"02/28/2024","NRA Tax Adj","","SCHWAB1 INT 01/30-02/27","","","","-$0.34"
"02/28/2024","Credit Interest","","SCHWAB1 INT 01/30-02/27","","","","$1.16"
"02/26/2024 as of 02/23/2024","Stock Split","WMT","WALMART INC","4","$58.52","",""
"02/16/2024","Reinvest Shares","ABBV","ABBVIE INC","0.0629","$177.3808","","-$11.16"
"02/16/2024","Reinvest Shares","O","REALTY INCOME CORP REIT","0.3669","$52.0645","","-$19.10"
"02/15/2024","Non-Qualified Div","O","REALTY INCOME CORP REIT","","","","$27.28"
"02/15/2024","NRA Tax Adj","O","REALTY INCOME CORP REIT","","","","-$8.18"
"02/15/2024","NRA Tax Adj","ABBV","ABBVIE INC","","","","-$4.78"
"02/15/2024","Qual Div Reinvest","ABBV","ABBVIE INC","","","","$15.94"
"02/12/2024","Reinvest Shares","CLX","CLOROX CO","0.0566","$151.6924","","-$8.59"
"02/09/2024","NRA Tax Adj","CLX","CLOROX CO","","","","-$3.68"
"02/09/2024","Qual Div Reinvest","CLX","CLOROX CO","","","","$12.27"
"02/05/2024","Sell to Open","HRL 01/17/2025 25.00 P","PUT HORMEL FOODS CORP $25 EXP 01/17/25","1","$1.10","$0.66","$109.34"
"01/30/2024","NRA Tax Adj","","SCHWAB1 INT 12/28-01/29","","","","-$0.66"
"01/30/2024","Credit Interest","","SCHWAB1 INT 12/28-01/29","","","","$2.23"
"01/30/2024","Sell to Open","MO 01/17/2025 47.50 C","CALL ALTRIA GROUP INC $47.5 EXP 01/17/25","1","$0.40","$0.66","$39.34"
"01/26/2024","Sell to Open","HRL 01/17/2025 35.00 C","CALL HORMEL FOODS CORP $35 EXP 01/17/25","1","$1.50","$0.66","$149.34"
"01/26/2024","Journal","IBIT","ISHARES BITCOIN ETF","-4","","",""
"01/26/2024","Journal","IBIT","ISHARES BITCOIN ETF","4","","",""
"01/26/2024","Journal","BITB","BITWISE BITCOIN ETF","-4","","",""
"01/26/2024","Journal","BITB","BITWISE BITCOIN ETF","4","","",""
"01/24/2024 as of 01/10/2024","NRA Tax Adj","PM","PHILIP MORRIS INTL","","","","-$0.12"
"01/24/2024 as of 01/10/2024","NRA Withhold","PM","PHILIP MORRIS INTL","","","","$4.04"
"01/22/2024 as of 01/19/2024","Assigned","HRL 01/19/2024 32.00 P","PUT HORMEL FOODS CORP $32 EXP 01/19/24","1","","",""
"01/22/2024 as of 01/19/2024","Buy","HRL","HORMEL FOODS CORP","100","$32.00","","-$3200.00"
"01/16/2024","Reinvest Shares","O","REALTY INCOME CORP REIT","0.324","$58.7708","","-$19.04"
"01/12/2024","Non-Qualified Div","O","REALTY INCOME CORP REIT","","","","$27.20"
"01/12/2024","NRA Tax Adj","O","REALTY INCOME CORP REIT","","","","-$8.16"
"01/12/2024","Buy","BITB","BITWISE BITCOIN ETF","4","$23.90","","-$95.60"
"01/12/2024","Buy","IBIT","ISHARES BITCOIN TR","4","$25.00","","-$100.00"
"01/12/2024","Buy","TSLA","TESLA INC","1","$220.03","","-$220.03"
"01/11/2024","Foreign Tax Paid","TSM","TAIWAN SEMICONDUCTR FSPONSORED ADR 1 ADR REPS 5 ORD SHS","","","","-$1.62"
"01/11/2024","Qualified Dividend","TSM","TAIWAN SEMICONDUCTR FSPONSORED ADR 1 ADR REPS 5 ORD SHS","","","","$7.73"
"01/11/2024","Reinvest Shares","MO","ALTRIA GROUP INC","1.852","$41.2211","","-$76.34"
"01/11/2024","Reinvest Shares","PM","PHILIP MORRIS INTL","0.1001","$94.3061","","-$9.44"
"01/10/2024","Qual Div Reinvest","MO","ALTRIA GROUP INC","","","","$109.06"
"01/10/2024","NRA Tax Adj","MO","ALTRIA GROUP INC","","","","-$32.72"
"01/10/2024","NRA Tax Adj","PM","PHILIP MORRIS INTL","","","","-$4.04"
"01/10/2024","Qual Div Reinvest","PM","PHILIP MORRIS INTL","","","","$13.48"
"01/10/2024","ADR Mgmt Fee","ARM","ARM HLDGS PLC FUNSPONSORED ADR 1 ADR REPS 1 ORD SHS","","","","-$0.04"
"01/05/2024","Buy","MMM","3M CO","2","$108.00","","-$216.00"
"01/04/2024","Reinvest Shares","KMB","KIMBERLY CLARK CORP","0.0344","$122.8979","","-$4.23"
"01/03/2024","Reinvest Shares","WMT","WALMART INC","0.005","$159.5783","","-$0.80"
"01/03/2024","Reinvest Shares","NKE","NIKE INC CLASS B","0.0099","$104.904","","-$1.04"
"01/03/2024","NRA Tax Adj","KMB","KIMBERLY CLARK CORP","","","","-$1.82"
"01/03/2024","Qual Div Reinvest","KMB","KIMBERLY CLARK CORP","","","","$6.05"
"01/03/2024","Buy","NKE","NIKE INC CLASS B","2","$105.00","","-$210.00"
"01/02/2024","NRA Tax Adj","WMT","WALMART INC","","","","-$0.34"
"01/02/2024","Qual Div Reinvest","WMT","WALMART INC","","","","$1.14"
"01/02/2024","NRA Tax Adj","NKE","NIKE INC CLASS B","","","","-$0.45"
"01/02/2024","Qual Div Reinvest","NKE","NIKE INC CLASS B","","","","$1.49"
"01/02/2024","Reinvest Shares","TROW","T ROWE PRICE GROUP","0.0484","$108.0791","","-$5.23"
"01/02/2024","Sell","NFLX","NETFLIX INC","3","$475.93","$0.01","$1427.78"
"01/02/2024","Buy","VOO","VANGUARD S&P ...500 ETF","1","$434.00","","-$434.00"
"12/29/2023","NRA Tax Adj","TROW","T ROWE PRICE GROUP","","","","-$2.24"
"12/29/2023","Qual Div Reinvest","TROW","T ROWE PRICE GROUP","","","","$7.47"
"12/29/2023","Buy","KMB","KIMBERLY CLARK CORP","2","$121.00","","-$242.00"
"12/29/2023","Buy","MMM","3M CO","2","$109.50","","-$219.00"
"12/28/2023","NRA Tax Adj","","SCHWAB1 INT 11/29-12/27","","","","-$0.59"
"12/28/2023","Credit Interest","","SCHWAB1 INT 11/29-12/27","","","","$1.98"
"12/27/2023","Reinvest Shares","VOO","VANGUARD S&P ...500 ETF","0.0087","$437.39","","-$3.80"
"12/26/2023","NRA Tax Adj","VOO","VANGUARD S&P ...500 ETF","","","","-$1.63"
"12/26/2023","Reinvest Dividend","VOO","VANGUARD S&P ...500 ETF","","","","$5.43"
"12/19/2023","Security Transfer","","TOA ACAT 0188","","","","$1500.00"
"12/18/2023","Reinvest Shares","O","REALTY INCOME CORP REIT","0.332","$57.0488","","-$18.94"
"12/18/2023","Sell to Open","HRL 01/19/2024 32.00 P","PUT HORMEL FOODS CORP $32 EXP 01/19/24","1","$1.00","$0.66","$99.34"
"12/15/2023","Non-Qualified Div","O","REALTY INCOME CORP REIT","","","","$27.06"
"12/15/2023","NRA Tax Adj","O","REALTY INCOME CORP REIT","","","","-$8.12"
"12/13/2023","Reinvest Shares","MMM","3M CO","0.1183","$101.4101","","-$12.00"
"12/12/2023","NRA Tax Adj","MMM","3M CO","","","","-$5.14"
"12/12/2023","Qual Div Reinvest","MMM","3M CO","","","","$17.14"
"12/06/2023","Buy","JNJ","JOHNSON & JOHNSON","2","$158.00","","-$316.00"
"12/05/2023","Buy","TROW","T ROWE PRICE GROUP","2","$101.00","","-$202.00"
"12/01/2023","Buy","WMT","WALMART INC","2","$154.00","","-$308.00"
"11/29/2023","NRA Tax Adj","","SCHWAB1 INT 10/30-11/28","","","","-$0.63"
"11/29/2023","Credit Interest","","SCHWAB1 INT 10/30-11/28","","","","$2.10"
"11/16/2023","Reinvest Shares","O","REALTY INCOME CORP REIT","0.357","$52.8797","","-$18.88"
"11/16/2023","Reinvest Shares","ABBV","ABBVIE INC","0.0764","$138.5216","","-$10.58"
"11/15/2023","NRA Tax Adj","ABBV","ABBVIE INC","","","","-$4.53"
"11/15/2023","Qual Div Reinvest","ABBV","ABBVIE INC","","","","$15.11"
"11/15/2023","Non-Qualified Div","O","REALTY INCOME CORP REIT","","","","$26.97"
"11/15/2023","NRA Tax Adj","O","REALTY INCOME CORP REIT","","","","-$8.09"
"11/10/2023","Reinvest Shares","CLX","CLOROX CO","0.0637","$133.9231","","-$8.53"
"11/09/2023","NRA Tax Adj","CLX","CLOROX CO","","","","-$3.66"
"11/09/2023","Qual Div Reinvest","CLX","CLOROX CO","","","","$12.19"
"10/30/2023","NRA Tax Adj","","SCHWAB1 INT 09/28-10/29","","","","-$0.48"
"10/30/2023","Credit Interest","","SCHWAB1 INT 09/28-10/29","","","","$1.61"
"10/30/2023 as of 10/27/2023","Schwab ATM Rebate","","SCHWAB ATM REBATE ATM SURCHARGE WAIVED","","","","$1.47"
"10/30/2023 as of 10/27/2023","ATM Withdrawal","","ATM000P CHUO-KU OSAKA- OSAKA","","","","-$468.51"
"10/26/2023 as of 10/25/2023","ATM Withdrawal","","ATM3407 AEON KANSAIKOKU OSAKA","","","","-$334.87"
"10/23/2023","Buy","TSLA","TESLA INC","2","$210.00","","-$420.00"
"10/16/2023","Reinvest Shares","O","REALTY INCOME CORP REIT","0.3719","$50.6033","","-$18.82"
"10/13/2023","Reinvest Shares","PM","PHILIP MORRIS INTL","0.1016","$91.9103","","-$9.34"
"10/13/2023 as of 10/12/2023","NRA Tax Adj","PM","PHILIP MORRIS INTL","","","","-$0.12"
"10/13/2023 as of 10/12/2023","NRA Withhold","PM","PHILIP MORRIS INTL","","","","$4.01"
"10/13/2023","Non-Qualified Div","O","REALTY INCOME CORP REIT","","","","$26.88"
"10/13/2023","NRA Tax Adj","O","REALTY INCOME CORP REIT","","","","-$8.06"
"10/12/2023","Foreign Tax Paid","TSM","TAIWAN SEMICONDUCTR FSPONSORED ADR 1 ADR REPS 5 ORD SHS","","","","-$1.56"
"10/12/2023","Qualified Dividend","TSM","TAIWAN SEMICONDUCTR FSPONSORED ADR 1 ADR REPS 5 ORD SHS","","","","$7.44"
"10/12/2023","NRA Tax Adj","PM","PHILIP MORRIS INTL","","","","-$4.01"
"10/12/2023","Qual Div Reinvest","PM","PHILIP MORRIS INTL","","","","$13.35"
"10/11/2023","Reinvest Shares","MO","ALTRIA GROUP INC","1.7605","$42.682","","-$75.14"
"10/11/2023","Sell","META","META PLATFORMS INC CLASS A","15","$326.00","$0.04","$4889.96"
"10/10/2023","NRA Tax Adj","MO","ALTRIA GROUP INC","","","","-$32.20"
"10/10/2023","Qual Div Reinvest","MO","ALTRIA GROUP INC","","","","$107.34"
"10/04/2023","Reinvest Shares","VOO","VANGUARD S&P ...500 ETF","0.0081","$387.2973","","-$3.14"
"10/04/2023","Reinvest Shares","KMB","KIMBERLY CLARK CORP","0.035","$120.3244","","-$4.21"
"10/03/2023","Reinvest Shares","NKE","NIKE INC CLASS B","0.0101","$95.5163","","-$0.96"
"10/03/2023","Reinvest Dividend","VOO","VANGUARD S&P ...500 ETF","","","","$4.49"
"10/03/2023","NRA Tax Adj","VOO","VANGUARD S&P ...500 ETF","","","","-$1.35"
"10/03/2023","NRA Tax Adj","KMB","KIMBERLY CLARK CORP","","","","-$1.80"
"10/03/2023","Qual Div Reinvest","KMB","KIMBERLY CLARK CORP","","","","$6.01"
"10/02/2023","NRA Tax Adj","NKE","NIKE INC CLASS B","","","","-$0.41"
"10/02/2023","Qual Div Reinvest","NKE","NIKE INC CLASS B","","","","$1.37"
"09/29/2023","Reinvest Shares","TROW","T ROWE PRICE GROUP","0.0329","$106.0374","","-$3.49"
"09/28/2023","NRA Tax Adj","","SCHWAB1 INT 08/30-09/27","","","","-$0.19"
"09/28/2023","Credit Interest","","SCHWAB1 INT 08/30-09/27","","","","$0.64"
"09/28/2023","NRA Tax Adj","TROW","T ROWE PRICE GROUP","","","","-$1.50"
"09/28/2023","Qual Div Reinvest","TROW","T ROWE PRICE GROUP","","","","$4.99"
"09/19/2023","Buy","ARM","ARM HLDGS PLC FUNSPONSORED ADR 1 ADR REPS 1 ORD SHS","2","$55.50","","-$111.00"
"09/18/2023","Reinvest Shares","O","REALTY INCOME CORP REIT","0.3474","$53.8857","","-$18.72"
"09/15/2023","Non-Qualified Div","O","REALTY INCOME CORP REIT","","","","$26.74"
"09/15/2023","NRA Tax Adj","O","REALTY INCOME CORP REIT","","","","-$8.02"
"09/13/2023","Reinvest Shares","MMM","3M CO","0.1127","$105.5033","","-$11.89"
"09/12/2023","NRA Tax Adj","MMM","3M CO","","","","-$5.09"
"09/12/2023","Qual Div Reinvest","MMM","3M CO","","","","$16.98"
"08/31/2023","Buy","VOO","VANGUARD S&P ...500 ETF","2","$415.00","","-$830.00"
"08/30/2023","NRA Tax Adj","","SCHWAB1 INT 07/28-08/29","","","","-$0.29"
"08/30/2023","Credit Interest","","SCHWAB1 INT 07/28-08/29","","","","$0.99"
"08/28/2023","Reinvest Shares","CLX","CLOROX CO","0.0544","$155.8819","","-$8.48"
"08/25/2023","NRA Tax Adj","CLX","CLOROX CO","","","","-$3.64"
"08/25/2023","Qual Div Reinvest","CLX","CLOROX CO","","","","$12.12"
"08/16/2023","Reinvest Shares","O","REALTY INCOME CORP REIT","0.3252","$57.3565","","-$18.65"
"08/16/2023","Reinvest Shares","ABBV","ABBVIE INC","0.0686","$153.19","","-$10.51"
"08/15/2023","NRA Tax Adj","ABBV","ABBVIE INC","","","","-$4.50"
"08/15/2023","Qual Div Reinvest","ABBV","ABBVIE INC","","","","$15.01"
"08/15/2023","Non-Qualified Div","O","REALTY INCOME CORP REIT","","","","$26.65"
"08/15/2023","NRA Tax Adj","O","REALTY INCOME CORP REIT","","","","-$8.00"
"07/28/2023","NRA Tax Adj","","SCHWAB1 INT 06/29-07/27","","","","-$0.26"
"07/28/2023","Credit Interest","","SCHWAB1 INT 06/29-07/27","","","","$0.87"
"07/26/2023 as of 07/11/2023","NRA Tax Adj","PM","PHILIP MORRIS INTL","","","","-$0.12"
"07/26/2023 as of 07/11/2023","NRA Withhold","PM","PHILIP MORRIS INTL","","","","$3.88"
"07/17/2023","Reinvest Shares","O","REALTY INCOME CORP REIT","0.3042","$61.1377","","-$18.60"
"07/14/2023","Non-Qualified Div","O","REALTY INCOME CORP REIT","","","","$26.57"
"07/14/2023","NRA Tax Adj","O","REALTY INCOME CORP REIT","","","","-$7.97"
"07/13/2023","Foreign Tax Paid","TSM","TAIWAN SEMICONDUCTR FSPONSORED ADR 1 ADR REPS 5 ORD SHS","","","","-$1.47"
"07/13/2023","Qualified Dividend","TSM","TAIWAN SEMICONDUCTR FSPONSORED ADR 1 ADR REPS 5 ORD SHS","","","","$7.02"
"07/12/2023","Reinvest Shares","PM","PHILIP MORRIS INTL","0.0914","$99.027","","-$9.05"
"07/11/2023","Reinvest Shares","MO","ALTRIA GROUP INC","1.5649","$45.3954","","-$71.04"
"07/11/2023","NRA Tax Adj","PM","PHILIP MORRIS INTL","","","","-$3.88"
"07/11/2023","Qual Div Reinvest","PM","PHILIP MORRIS INTL","","","","$12.93"
"07/10/2023","NRA Tax Adj","MO","ALTRIA GROUP INC","","","","-$30.45"
"07/10/2023","Qual Div Reinvest","MO","ALTRIA GROUP INC","","","","$101.49"
"07/06/2023","Reinvest Shares","NKE","NIKE INC CLASS B","0.0091","$104.6794","","-$0.95"
"07/06/2023","Reinvest Shares","KMB","KIMBERLY CLARK CORP","0.0306","$136.5959","","-$4.18"
"07/06/2023","Reinvest Shares","VOO","VANGUARD S&P ...500 ETF","0.0028","$401.9567","","-$1.11"
"07/05/2023","Reinvest Dividend","VOO","VANGUARD S&P ...500 ETF","","","","$1.58"
"07/05/2023","NRA Tax Adj","VOO","VANGUARD S&P ...500 ETF","","","","-$0.47"
"07/05/2023","NRA Tax Adj","NKE","NIKE INC CLASS B","","","","-$0.41"
"07/05/2023","Qual Div Reinvest","NKE","NIKE INC CLASS B","","","","$1.36"
"07/05/2023","NRA Tax Adj","KMB","KIMBERLY CLARK CORP","","","","-$1.79"
"07/05/2023","Qual Div Reinvest","KMB","KIMBERLY CLARK CORP","","","","$5.97"
"06/30/2023","Reinvest Shares","TROW","T ROWE PRICE GROUP","0.0309","$111.9999","","-$3.46"
"06/29/2023","NRA Tax Adj","","SCHWAB1 INT 05/30-06/28","","","","-$0.27"
"06/29/2023","Credit Interest","","SCHWAB1 INT 05/30-06/28","","","","$0.90"
"06/29/2023","NRA Tax Adj","TROW","T ROWE PRICE GROUP","","","","-$1.49"
"06/29/2023","Qual Div Reinvest","TROW","T ROWE PRICE GROUP","","","","$4.95"
"06/16/2023","Reinvest Shares","O","REALTY INCOME CORP REIT","0.3009","$61.5169","","-$18.51"
"06/15/2023","Non-Qualified Div","O","REALTY INCOME CORP REIT","","","","$26.45"
"06/15/2023","NRA Tax Adj","O","REALTY INCOME CORP REIT","","","","-$7.94"
"06/13/2023","Reinvest Shares","MMM","3M CO","0.1149","$102.3744","","-$11.76"
"06/12/2023","NRA Tax Adj","MMM","3M CO","","","","-$5.04"
"06/12/2023","Qual Div Reinvest","MMM","3M CO","","","","$16.80"
"05/30/2023","NRA Tax Adj","","SCHWAB1 INT 04/27-05/29","","","","-$0.29"
"05/30/2023","Credit Interest","","SCHWAB1 INT 04/27-05/29","","","","$0.99"
"05/16/2023","Reinvest Shares","O","REALTY INCOME CORP REIT","0.301","$61.3377","","-$18.46"
"05/16/2023","Reinvest Shares","ABBV","ABBVIE INC","0.0717","$145.516","","-$10.43"
"05/15/2023","Reinvest Shares","CLX","CLOROX CO","0.0496","$167.5066","","-$8.30"
"05/15/2023","NRA Tax Adj","ABBV","ABBVIE INC","","","","-$4.47"
"05/15/2023","Qual Div Reinvest","ABBV","ABBVIE INC","","","","$14.90"
"05/15/2023","Non-Qualified Div","O","REALTY INCOME CORP REIT","","","","$26.37"
"05/15/2023","NRA Tax Adj","O","REALTY INCOME CORP REIT","","","","-$7.91"
"05/12/2023","NRA Tax Adj","CLX","CLOROX CO","","","","-$3.56"
"05/12/2023","Qual Div Reinvest","CLX","CLOROX CO","","","","$11.86"
"05/01/2023","Reinvest Shares","MO","ALTRIA GROUP INC","1.4649","$47.8402","","-$70.08"
"04/28/2023","NRA Tax Adj","MO","ALTRIA GROUP INC","","","","-$30.03"
"04/28/2023","Qual Div Reinvest","MO","ALTRIA GROUP INC","","","","$100.11"
"04/27/2023","NRA Tax Adj","","SCHWAB1 INT 03/30-04/26","","","","-$0.25"
"04/27/2023","Credit Interest","","SCHWAB1 INT 03/30-04/26","","","","$0.84"
"04/20/2023 as of 04/11/2023","NRA Tax Adj","PM","PHILIP MORRIS INTL","","","","-$0.12"
"04/20/2023 as of 04/11/2023","NRA Withhold","PM","PHILIP MORRIS INTL","","","","$3.84"
"04/17/2023","Reinvest Shares","O","REALTY INCOME CORP REIT","0.3016","$60.9993","","-$18.40"
"04/14/2023","Non-Qualified Div","O","REALTY INCOME CORP REIT","","","","$26.29"
"04/14/2023","NRA Tax Adj","O","REALTY INCOME CORP REIT","","","","-$7.89"
"04/13/2023","Foreign Tax Paid","TSM","TAIWAN SEMICONDUCTR FSPONSORED ADR 1 ADR REPS 5 ORD SHS","","","","-$1.52"
"04/13/2023","Qualified Dividend","TSM","TAIWAN SEMICONDUCTR FSPONSORED ADR 1 ADR REPS 5 ORD SHS","","","","$7.22"
"04/12/2023","Reinvest Shares","PM","PHILIP MORRIS INTL","0.0905","$99.099","","-$8.97"
"04/12/2023 as of 04/11/2023","NRA Tax Adj","PM","PHILIP MORRIS INTL","","","","-$3.84"
"04/12/2023 as of 04/11/2023","NRA Tax Adj","PM","PHILIP MORRIS INTL","","","","$3.84"
"04/11/2023","NRA Tax Adj","PM","PHILIP MORRIS INTL","","","","-$3.84"
"04/11/2023","Qual Div Reinvest","PM","PHILIP MORRIS INTL","","","","$12.81"
"04/05/2023","Reinvest Shares","KMB","KIMBERLY CLARK CORP","0.0305","$136.3419","","-$4.16"
"04/04/2023","Reinvest Shares","NKE","NIKE INC CLASS B","0.0077","$123.214","","-$0.95"
"04/04/2023","NRA Tax Adj","KMB","KIMBERLY CLARK CORP","","","","-$1.78"
"04/04/2023","Qual Div Reinvest","KMB","KIMBERLY CLARK CORP","","","","$5.94"
"04/03/2023","NRA Tax Adj","NKE","NIKE INC CLASS B","","","","-$0.41"
"04/03/2023","Qual Div Reinvest","NKE","NIKE INC CLASS B","","","","$1.36"
"03/31/2023","Reinvest Shares","TROW","T ROWE PRICE GROUP","0.0305","$112.7087","","-$3.44"
"03/30/2023","Reinvest Shares","VOO","VANGUARD S&P ...500 ETF","0.0028","$370.9473","","-$1.04"
"03/30/2023","NRA Tax Adj","","SCHWAB1 INT 02/27-03/29","","","","-$0.30"
"03/30/2023","Credit Interest","","SCHWAB1 INT 02/27-03/29","","","","$1.00"
"03/30/2023","NRA Tax Adj","TROW","T ROWE PRICE GROUP","","","","-$1.48"
"03/30/2023","Qual Div Reinvest","TROW","T ROWE PRICE GROUP","","","","$4.92"
"03/29/2023","Reinvest Dividend","VOO","VANGUARD S&P ...500 ETF","","","","$1.49"
"03/29/2023","NRA Tax Adj","VOO","VANGUARD S&P ...500 ETF","","","","-$0.45"
"03/16/2023","Reinvest Shares","O","REALTY INCOME CORP REIT","0.2951","$62.08","","-$18.32"
"03/15/2023","Non-Qualified Div","O","REALTY INCOME CORP REIT","","","","$26.17"
"03/15/2023","NRA Tax Adj","O","REALTY INCOME CORP REIT","","","","-$7.85"
"03/14/2023","Reinvest Shares","MMM","3M CO","0.1125","$103.4261","","-$11.64"
"03/13/2023 as of 03/12/2023","NRA Tax Adj","MMM","3M CO","","","","-$4.99"
"03/13/2023 as of 03/12/2023","Qual Div Reinvest","MMM","3M CO","","","","$16.63"
"03/07/2023 as of 03/03/2023","Schwab ATM Rebate","","SCHWAB ATM REBATE ATM SURCHARGE WAIVED","","","","$1.62"
"03/07/2023 as of 03/03/2023","ATM Withdrawal","","ATM0011 JAPANPOST BANK( TOKYO","","","","-$148.97"
"03/02/2023 as of 03/01/2023","ATM Withdrawal","","ATM6204 AEON MSHIGASINI TOKYO","","","","-$368.38"
"02/28/2023 as of 02/27/2023","Schwab ATM Rebate","","SCHWAB ATM REBATE ATM SURCHARGE WAIVED","","","","$1.68"
"02/28/2023 as of 02/25/2023","Schwab ATM Rebate","","SCHWAB ATM REBATE ATM SURCHARGE WAIVED","","","","$1.64"
"02/28/2023 as of 02/27/2023","ATM Withdrawal","","ATM000I CHIYODA-KU TOKYO","","","","-$460.86"
"02/28/2023 as of 02/25/2023","ATM Withdrawal","","ATM7672 LAWSON NL NIHON IYTOKYO","","","","-$374.64"
"02/27/2023","NRA Tax Adj","","SCHWAB1 INT 01/30-02/26","","","","-$0.25"
"02/27/2023","Credit Interest","","SCHWAB1 INT 01/30-02/26","","","","$0.84"
"02/27/2023","Auto S1 Credit","","TD AMERITRADE ACH OUT","","","","$2000.00"
"02/16/2023","Reinvest Shares","O","REALTY INCOME CORP REIT","0.2694","$66.2264","","-$17.84"
"02/16/2023","Reinvest Shares","ABBV","ABBVIE INC","0.0692","$149.6883","","-$10.36"
"02/15/2023","Non-Qualified Div","O","REALTY INCOME CORP REIT","","","","$25.48"
"02/15/2023","NRA Tax Adj","O","REALTY INCOME CORP REIT","","","","-$7.64"
"02/15/2023","NRA Tax Adj","ABBV","ABBVIE INC","","","","-$4.44"
"02/15/2023","Qual Div Reinvest","ABBV","ABBVIE INC","","","","$14.80"
"02/13/2023","Reinvest Shares","CLX","CLOROX CO","0.0545","$151.6192","","-$8.26"
"02/10/2023","NRA Tax Adj","CLX","CLOROX CO","","","","-$3.54"
"02/10/2023","Qual Div Reinvest","CLX","CLOROX CO","","","","$11.80"
"01/30/2023","NRA Tax Adj","","SCHWAB1 INT 12/29-01/29","","","","-$0.28"
"01/30/2023","Credit Interest","","SCHWAB1 INT 12/29-01/29","","","","$0.96"
"01/17/2023","Reinvest Shares","O","REALTY INCOME CORP REIT","0.2655","$67.0114","","-$17.79"
"01/17/2023 as of 01/11/2023","NRA Withhold","PM","PHILIP MORRIS INTL","","","","$3.81"
"01/17/2023 as of 01/11/2023","NRA Tax Adj","PM","PHILIP MORRIS INTL","","","","-$0.19"
"01/13/2023","Non-Qualified Div","O","REALTY INCOME CORP REIT","","","","$25.42"
"01/13/2023","NRA Tax Adj","O","REALTY INCOME CORP REIT","","","","-$7.63"
"01/12/2023","Foreign Tax Paid","TSM","TAIWAN SEMICONDUCTR FSPONSORED ADR 1 ADR REPS 5 ORD SHS","","","","-$1.50"
"01/12/2023","Qualified Dividend","TSM","TAIWAN SEMICONDUCTR FSPONSORED ADR 1 ADR REPS 5 ORD SHS","","","","$7.16"
"01/12/2023","Reinvest Shares","PM","PHILIP MORRIS INTL","0.0873","$101.7964","","-$8.89"
"01/11/2023","Reinvest Shares","MO","ALTRIA GROUP INC","1.5002","$46.0534","","-$69.09"
"01/11/2023","NRA Tax Adj","PM","PHILIP MORRIS INTL","","","","-$3.81"
"01/11/2023","Qual Div Reinvest","PM","PHILIP MORRIS INTL","","","","$12.70"
"01/10/2023","NRA Tax Adj","MO","ALTRIA GROUP INC","","","","-$29.61"
"01/10/2023","Qual Div Reinvest","MO","ALTRIA GROUP INC","","","","$98.70"
"01/05/2023","Reinvest Shares","KMB","KIMBERLY CLARK CORP","0.0299","$135.8129","","-$4.06"
"01/04/2023","NRA Tax Adj","KMB","KIMBERLY CLARK CORP","","","","-$1.74"
"01/04/2023","Qual Div Reinvest","KMB","KIMBERLY CLARK CORP","","","","$5.80"
"01/03/2023","Buy","VOO","VANGUARD S&P ...500 ETF","1","$352.00","","-$352.00"
"12/30/2022","Reinvest Shares","TROW","T ROWE PRICE GROUP","0.0306","$109.8999","","-$3.36"
"12/29/2022","Reinvest Shares","NKE","NIKE INC CLASS B","0.0061","$116.6923","","-$0.71"
"12/29/2022","NRA Tax Adj","","SCHWAB1 INT 11/29-12/28","","","","-$0.14"
"12/29/2022","Credit Interest","","SCHWAB1 INT 11/29-12/28","","","","$0.48"
"12/29/2022","NRA Tax Adj","TROW","T ROWE PRICE GROUP","","","","-$1.44"
"12/29/2022","Qual Div Reinvest","TROW","T ROWE PRICE GROUP","","","","$4.80"
"12/29/2022","Auto S1 Credit","","TD AMERITRADE ACH OUT","","","","$500.00"
"12/28/2022","NRA Tax Adj","NKE","NIKE INC CLASS B","","","","-$0.31"
"12/28/2022","Qual Div Reinvest","NKE","NIKE INC CLASS B","","","","$1.02"
"12/28/2022","Auto S1 Credit","","TD AMERITRADE ACH OUT","","","","$600.00"
"12/23/2022","Auto S1 Debit","","TD AMERITRADE ACH IN","","","","-$400.00"
"12/21/2022","Auto S1 Debit","","TD AMERITRADE ACH IN","","","","-$200.00"
"12/19/2022","Buy","NKE","NIKE INC CLASS B","1","$102.66","","-$102.66"
"12/16/2022","Reinvest Shares","O","REALTY INCOME CORP REIT","0.278","$63.7086","","-$17.71"
"12/15/2022","Non-Qualified Div","O","REALTY INCOME CORP REIT","","","","$25.30"
"12/15/2022","NRA Tax Adj","O","REALTY INCOME CORP REIT","","","","-$7.59"
"12/13/2022","Reinvest Shares","MMM","3M CO","0.0894","$128.3126","","-$11.47"
"12/13/2022","Auto S1 Debit","","TD AMERITRADE ACCTVERIFY","","","","-$0.35"
"12/13/2022","Auto S1 Debit","","TD AMERITRADE ACCTVERIFY","","","","-$0.22"
"12/13/2022","Auto S1 Credit","","TD AMERITRADE ACCTVERIFY","","","","$0.35"
"12/13/2022","Auto S1 Credit","","TD AMERITRADE ACCTVERIFY","","","","$0.22"
"12/12/2022","NRA Tax Adj","MMM","3M CO","","","","-$4.92"
"12/12/2022","Qual Div Reinvest","MMM","3M CO","","","","$16.39"
"12/07/2022","Security Transfer","","TOA ACAT 0188","","","","$1000.00"
"11/29/2022","NRA Tax Adj","","SCHWAB1 INT 10/28-11/28","","","","-$0.04"
"11/29/2022","Credit Interest","","SCHWAB1 INT 10/28-11/28","","","","$0.15"
"11/14/2022","Security Transfer","META","META PLATFORMS INC CLASS A","15","","",""
"11/14/2022","Security Transfer","ABBV","ABBVIE INC","10","","",""
"11/14/2022","Security Transfer","MMM","3M CO","11","","",""
"11/14/2022","Security Transfer","CLX","CLOROX CO","10","","",""
"11/14/2022","Security Transfer","TSM","TAIWAN SEMICONDUCTR FSPONSORED ADR 1 ADR REPS 5 ORD SHS","16","","",""
"11/14/2022","Security Transfer","PM","PHILIP MORRIS INTL","10","","",""
"11/14/2022","Security Transfer","BRKB","BERKSHIRE HATHAWAY CLASS B","3","","",""
"11/14/2022","Security Transfer","NFLX","NETFLIX INC","3","","",""
"11/14/2022","Security Transfer","KMB","KIMBERLY CLARK CORP","5","","",""
"11/14/2022","Security Transfer","TROW","T ROWE PRICE GROUP","4","","",""
"11/14/2022","Security Transfer","NKE","NIKE INC CLASS B","3","","",""
"11/14/2022","Security Transfer","MO","ALTRIA GROUP INC","105","","",""
"11/14/2022","Security Transfer","","TOA ACAT 0188","","","","$900.00"
"11/09/2022","Security Transfer","O","REALTY INCOME CORP REIT","102","","",""
"11/09/2022","Security Transfer","","TOA ACAT 0188","","","","$100.00"
